IMAGEN;BARRA;PRODUCTO;FAM;DESCPROD;LABORATORIO;FECLOTE;NETO;PEDIDO;TOTAL NETO;SALDO
https://farmacialabotika.cl/cdn/shop/products/7800063000312_AEROCAMARA_UNIVERSAL.jpg?v=1743525778&width=1000;7800050002954;AERPEDMF;DM;AEROCAMARA UNIVER. PED-AD;MINTLAB;feb-30;1743;;0;12
https://www.prisur.cl/media/cache/attachment/filter/product_gallery_main/b6b1adc76b36bd6a7f81344215e93277/190179/Prisur-650e018be50bb627740047.jpg;7804673040126;2021DMF;DM;GUANTE EX. NITRILO L-P AZUL TRESOR XL  X 100 ;REUTTER;abr-29;2798;;0;8
https://http2.mlstatic.com/D_NQ_NP_698030-MLC76722902948_062024-O-guante-nitrilo-azul-spolvo-caja-x-100-unds-tallas-s-m-l.webp;7804673040409;2006DMF;DM;GUANTE NITRILO AZUL TALLA  S X100 U;REUTTER;jul-29;2641;;0;3
https://www.espol.cl/wp-content/uploads/2024/05/c876b86b-b488-42ab-88df-8aa449e37c01-g584-6-8aba77e5-f0e6-43fd-bc52-f40457c5ca96.jpeg;#N/D;211105500DMF;DM;LIFESTYLES STUDDED ROUGH RIDER X3;PRATER;oct-28;969;;0;53
https://www.mercadofarma.cl/cdn/shop/files/PastaLassar30g.webp?v=1697068817;7803504404113;15GDMF;DM;PASTA LASSAR 30 GR.(valma;VALMA;oct-26;848;;0;120
https://jacky.cl/cdn/shop/files/2_f2380416-33f0-4c05-9b47-dcbc1c209b68.png?v=1744837938&width=1946;7804650886020;042DMF;DM;PRESERVATIVO KINDOM X3U ACCION RETARDANTE;DESFAR;mar-29;370;;0;566
https://inverclean.cl/1277-home_default/pack-x3-condon-latex-kingdom-super-estriado-caja-de-3-uds.jpg;7800078000239;3003DMF;DM;PRESERVATIVO KINGDOM X 3U SUPER ESTRIADO;DESFAR;mar-29;370;;0;556
https://jacky.cl/cdn/shop/files/2_482b142d-87bb-4cc3-9ca7-fbb917c92c92.png?v=1744837228&width=493;7800004004805;2024DMF;DM;PRESERVATIVO KINGDOM X3 LISO RESISTENTE;DESFAR;mar-29;370;;0;556
https://jacky.cl/cdn/shop/files/2_bd2a02df-e644-4600-94b4-41cd67041c01.png?v=1744838378&width=493;8427426005983;2022DMF;DM;PRESERVATIVO KINGDOM X3U SUPER GRANULADO;DESFAR;mar-29;370;;0;566
https://encrypted-tbn0.gstatic.com/images?q=tbn:ANd9GcSpPqUNA1573QUq2wZaTVLgBo_TbVJXjxqLgw&s;7804651938094;200267906DMF;DM;PRESERVATIVO SENSORPLUS X 3 UN TRES SABORES;HELSELAB;may-28;463;;0;234
https://www.ecofarmacias.cl/wp-content/uploads/2019/06/sensorplus-ultra-sensible.jpg;7800007804877;200267905DMF;DM;PRESERVATIVO SENSORPLUS X 3UNI ULTRA SENSIBLE;HELSELAB;jul-29;466;;0;177
https://farmacia.araucomed.com/11633-large_default/sensor-plus-dotted-x3.jpg;7800063116419;021DMF;DM;PRESERVATIVO SENSORPLUS X 3UNI. DOTTED;HELSELAB;may-28;466;;0;209
https://farmacia.araucomed.com/6715-large_default/termometro-digital-family-set.jpg;7800063000770;10003DMF;DM;TERMOMETRO DIGITAL F.SET ;REUTTER;abr-29;1253;;0;33
https://farmacia.araucomed.com/10410-large_default/test-de-embarazo-cassette-one-test.jpg;5000158069633;105DMF;DM;TEST DE EMBARAZO ONE TEST CASETTE;HELSELAB;jun-27;272;;0;30
https://farmaciamapuche.cl/media/catalog/product/cache/24210791aa3a49b20ae2f3384693f36c/a/b/abrilar100.jpg;8427426006058;10G025510R05;FAR;ABRILAR JBE 35MG-5ML 100ML;PHARMA INVESTI;sept-26;3941;;0;572
https://www.farmaciasahumada.cl/on/demandware.static/-/Sites-ahumada-master-catalog/default/dwcbf47ccd/images/products/86889/86889.jpg;7800063330198;3;FAR;AC. MEFENAMICO 500MGX10 COMP (MINTLAB);MINTLAB;mar-29;401;;0;72
https://farmaloop-publicos.s3.us-east-2.amazonaws.com/ecommerce/images/products/da32e804-d483-4fb5-a039-13467b2eb9d2-584123.webp;7800028002597;1000001ABJ05;FAR;ACICLOVIR 400MGX35 COMP BE;MDC;ene-27;2077;;0;145
https://cdn11.bigcommerce.com/s-ftsflnse4o/images/stencil/1280x1280/products/776002/3122297/D_997200-MLU50925825713_072022-O__05784.1731776077.jpg?c=1?imbypass=on;7800007679895;10GE13518M01;FAR;ACTRON 400MGX10 CAPS;BAYER OTC;jun-26;1648;;0;54
https://profarcl.vtexassets.com/arquivos/ids/178020/105987_1.jpg?v=637835628145400000;7804650311133;106AN06;FAR;AMITRIPTILINA  25 MG 24 COMP.REC.;CHILE;jul-26;1122;;0;1
https://s3.us-east-2.amazonaws.com/basestack-publicbucketa6745c15-1ul2knuv6sta7/images/ac3eed39-465a-4f0b-8eb3-9e12f8e74aad/large.jpeg?u=1722007636498;7800063001944;221;FAR;AMLODIPINO  5 MG X  30 COMP.(OPKO);OPKO;oct-27;409;;0;86
https://farmacia.araucomed.com/3348-large_default/amlodipino-10mg-x-30com-mintlab.jpg;4048846023049;100073818C08;FAR;AMLODIPINO 10MGX30 COMP (MINTLAB);GENERICOS VARIOS;sept-26;429;;0;40
https://figuesan.cl/wp-content/uploads/2023/11/amlodipino-5mg-x-30comprimidos-Mintlab.png;7800007142658;10G041718C08;FAR;AMLODIPINO 5MGX30 COMP BE.(MINTLAB);GENERICOS VARIOS;jun-27;464;;0;133
https://farmacia.araucomed.com/11759-home_default/amoxicilina-500mg-x-21-casulas-curae-spring.jpg;7804659070512;100350J01;FAR;AMOXICILINA 500 MG X 21 CAP.(CURAESPRING);MDC HEALTH SPA;sept-27;965;;0;1438
https://farmacialabotika.cl/cdn/shop/files/7804900000954_ANACIN_CLASICO_325-15MG-X8_1024x.png?v=1749590469;7800007771193;253;FAR;ANACIN CLASICO X32 COMP;GSK  OTC;ene-27;2269;;0;36
https://s3.us-east-2.amazonaws.com/basestack-publicbucketa6745c15-1ul2knuv6sta7/images/a6e633b2-c822-4824-a5e1-cec90124c6d0/large.jpeg?u=1731697143185;8437020503211;252;FAR;ANACIN MAX X32 COMP;GSK  OTC;ene-27;2731;;0;72
https://www.mercadofarma.cl/cdn/shop/files/Anovulatorios_21_Comprimidos_Recubiertos_grande.webp?v=1724351073;7460536555345;100417118G03;FAR;ANOVULATORIOS MICRO 21 COMP;ANDROMACO;abr-26;1102;;0;41
https://farmaciasdeldrsimicl.vtexassets.com/arquivos/ids/156694-1200-auto?v=637964774421230000&width=1200&height=auto&aspect=true;3596540050096;100229018A02;FAR;ANTIAX X6 COMP MAST;SAVAL;dic-26;953;;0;33
https://http2.mlstatic.com/D_NQ_NP_741895-MLC80195175297_102024-O-arnikaderm-arnica-10-gel-topico-50g-hematoma-contusion.webp;7800063001760;100013323M02;FAR;ARNIKADERM 10% GEL 50G;KNOP FITOTERAPEUTICOS;nov-26;3349;;0;26
https://www.mercadofarma.cl/cdn/shop/files/Aspirina500mg100Comprimidos.webp?v=1693427448;7800008020030;100245618N02;FAR;ASPIRINA 500MGX100 COMP;BAYER OTC;nov-27;3870;;0;27
https://www.belgochilena.cl/wp-content/uploads/2023/05/aspirina-forte-650-mg-x-80-comp-bayer-860492_grande.jpg;7804640560534;10G040618N02;FAR;ASPIRINA FORTE 650 MG X 80 COMP;BAYER OTC;jun-26;4047;;0;78
"data:image/jpeg;base64,/9j/4AAQSkZJRgABAQAAAQABAAD/2wCEAAkGBxASEhUTEBMRFhUVFRUVGBgXGBYWGhgYGRUXGBUZFRcaHSggGB8lGxUXITEhJSkrLi4uGB8zODMtNygtLisBCgoKDg0OGxAQGyslICUtLS0tLS0tLS0tLS0tLS0tLS0tLS0tLS0tLS0tLS0tLS0tLS0tLS0tLS0tLS0tLS0tLf/AABEIAOEA4QMBEQACEQEDEQH/xAAcAAEAAQUBAQAAAAAAAAAAAAAAAQMEBQYHAgj/xABHEAACAgECAwMKAwYDBgQHAAABAgADEQQSBSExQVFhBgcTIjJxgZGhsRRCwSMkM1Jy0WKCkhVzorKz8ENjwuEWFyU0U1ST/8QAGwEBAAIDAQEAAAAAAAAAAAAAAAEEAgMFBgf/xAAzEQACAQMCBQIFBAEEAwAAAAAAAQIDBBEhMQUSE0FRIjIUM0JhcQYjgZHBNKGx0VJicv/aAAwDAQACEQMRAD8A7jAEAQBAEAQBAEAQBAEAQBAEAQBAEAQBAEAQBAEAQBAEAQBAEAQBAIZgBkkADtMEpN6IxzeUGjBwdRT3e2v95q69POOZf2WFZXD1UH/Rf1XKwyjKwPaCCPmJsTT2NEouLxJYPckxEAQBAEAQBAEAQBAEAQBAEAQBAEAQBAEAQBAEAQBAKeouCKWboB/2BNdarGlBzm8JamUYuTwjVeIajfl7iNq88H2VHfjtPifp0ngL7itxeVOSDaj2S7/k7FClyemG7/tlkvE9MeQsr5+I/WU3Z3UVlxZadtXWriwdK9R9LpDsfqVHsWeDL0+Il/h/GK1CfLNtx/4I541VyV1lee6/D/wbXwPiq6moWLyPssvarDqD/wB9s95SqKpFSRxbu2lb1XB/w/K8mQmwrCAIAgCAIAgCAIAgCAIAgCAIAgCAIAgCAIAgCAIBi+OsdqjvbPyH/vPOfqWq420Yru/+C3Zr1NmtcY/gW/0N9p5Cy/1EPydi1+dH8o1H09H4YJs/a59vAH5u1vdynqHC4V05c3o8Z/wdvkrfEuXN6fH8eDceF1laq1JDEKBkHIPLsPbPK3bTrSaWNThV2pVZNLGpW8lG2azUVj2XRLcdzdD8930ntuAVXO3SfY1cSjzW1Op3TaNwneOGIAgCAIAgCAIAgCAIAgCAIAgCAIAgCAIAgCAIAgGO43VlNw/Kcn3dD+k4nH7Z1rRuK1i8/wAdy1azSnh9zWuKVlqbFUZJRgB3nE8NaSUa8JS2TOxbyUasW/JrtGptGn/D/h7SxDLkg45sTnp2Znfq0qbufiOqkt8fg6k4U3X63UWNDO8F0zVUqr9RknwyScfDM4t/WjXuHOGxzbqqqtVyjsXvkXUbLb9Vz2sRVX4qvtEeBOPrPccGtnQt0pFXis1CnTod1q/yzbp1ziiAIAgCAIAgCAIAgCAIAgCAIAgCAIAgCAIAgCAIBBGesAwGu4XYnOob0/lyAy/055MPiD755TiH6d55Odu0vs/8HSo3UZLFR4fnsYxr2HL0Opz3Cp/vjH1nFXAr3OHH/dFxKL154/2ia+D6nU8rAaKT7QJBtcd3LIQfHM7vDuAdKSnV1ZDvKFvrD1z7f+K/7Nt0unStFRAFVQAAOwCenSSWEcSc5VJOUnlsqyTEQBAEAQBAEAQBAEAQBAEAQBAEAQBAEAQBAEAQBAEAQCIBDMB1IEENokMIGUTBIgCARAJgCAIAgCAIAgCAIAgCAIAgCAIAgCAIAgCAIBzjy/8AOFfoNR+Hqprb9mr73LfmLDG0Y/l75ct7VVVzNlSvcOm8I0TVecfX2ElrXUH8te1APdgbvm0uRs6aKjuZvcxVvHA5y/pGP+P1+ffkkmbulFdjB1GyV4yq+zu+PIfeR0k9x1GSOPOOaXXIe5WaOjDwOrLyVq/LLWp7Gpv/AMzk493Mx8NB9iFWmu5X/wDj3iXLGptH+g/Hmsj4Sl4J+IqeSvR5xuKA/wD3II/x11n6hBMHZUjNXVRGTo86XEB7R0je9XX7GYOxp/cy+MmZWnzoanAzXpyTj2fSY8SOfMTW7GPZmxXcvBXTzo3A+tRR/wD0ZT8ipmDssdzL4t+C90/nQBIDaY+9bQfuomLsn5Mvi/sX9PnK0pHOq8fBD2gfzDvmLs5mXxUSp/8AMjRdqakf5B+jTH4SoZK5gXNXl/w89XsXPfW/6AyHa1V2HxNPyXNflrw1umpT4hh9xMXb1F2MlcU/JVHlfw7/APb0497qv3mPRn4ZPWp+S80/G9JZ/D1FDf02IfsZi4SXYy6kPJeJap6EH3GY4ZkpJnrMEjMEZGZBJMkCAIAgCAIAgHDfPgmNdW3fpl+lln951LF+hnNu16zVOOcEOmFRLbjYuWAGNjgKzIefMgOp+Mswq8zZonTwkY7WaZ6nauwbWXAIyOWQCOngRM4yUtUYOLWhSzMkYgTICQCZIEEE5gHoWN3n5mCT0upsHR3H+YyMDJUGtt/nPxwfvJwhzM9Nr7D1IP8AlX+0jlQ5mUm1Dn8x+Zk8qIye11tg/Oe/v+8NJErLeC806u3NweucnaPHpsnOr8QpUnjc71jwC6ulzY5V9zL8M8lL9Vy06EjJ9YqAoPZl8j44B90xp8ShJ7EXnBKluvVNZ/JmtL5rtQpJuVbACMBLFUEY57sjPXuImyV7B6I5itJGZ03k9fV6qaWxKz1Civ7qxLe885p6sXuywqclpgk6bWdPQ6kDdj2WyBkjljl06QpQfdDEid+orHM6tME4LC3mPcAMeEjEH4J5miw1vltZR6q2X22HACDcOZPQswOfcATz69s2Rt4S8I1zuHEyvAaOP3v6TUaj8NUfybK2fpyAUqce8nPhNVV0I6R1ZlTVWTy3odG0oIRQzFjjmxxk+JwAPkJTe5cRVkEiAIAgCAch87eiF3EtFUSALECsTyAX0h3c/dmdC0eISKNyvWjWuI8Sr1Ner9AtqW12/jFYuG5IRW5rKqpXClDjn7Im6MXFrOxq5lJMyHG9VeLdbYpY2JXpzQWG7bSyodQ9W4EHntyR0yekiEVoiW3qW1e31dRbVWbW4fbcysg2l67lFVpQAAbgAT0zz74/9VtkYS1LTh2iq1C0ahkQJU951QVdoKoDenJe9Mpkd0yk3DMU/wAGCipalTV8KrbTW7qdLTalC3qEtsa3GVJ9IhJADK2e8cpEaklJYeSeVNbFPUcO0qPpStDPS7VA3LbuFjEDejrtIrYMfZ7gfhPUk08shwWVgrtwLTX6u9KqtfhdRYhNaVtXWfSMMnphc9F6gDtjqyjFN4DhFyPPE+C6amrTbHb8R6aypg1e5HsrvWuzJ3clU7scvWHXEmFWcm87YE6cY48lrrPJ5mbUW236apU1dlDEhlG4Zb9mignHPp2AHumarYSSWdDB0s5eTH2cCdLnpss09ZQBtz2bUYHBUo2PWyCCOUz6ycVJIw6Tzgs+JaGyiw12AbgAcg7lZSMqysOoIOQZshUUllGMoOL1LaZmBV09DOcL8+wSvcXUKEcyOhw/hta9ny01p3ZnuEcGaxwlSl7D9O8+A8Z5yve1biXLHY99acKs+G0+errLydR8m/IWqoB9Tiyzrt/Ip/8AV8ZhToJay1Ode8aqVcwpaRNzqQKMAAAdg5SxhLY4bbk8s9ySCYBIgEgwQGgYMXdfusVRn1ck+OVIGMfHrJJwZWn2RIB7gCAIAgCAcb8+NanVaXc21TW4LY3YG8ZOO3r0nQstmULvdGlrwBsgpcorda9jsGTcbWdER1GduTW+TkgAA9st9X7FdU2Y4a2+txiy1Xryg9dspg4Krz5Dl06TYoRaMOZoNxK8s7tY7NYhrZmO4lDjKkns5CFTQcmNNxK6uu2pHIS4AWLy9YL059R1PTrDgm02YqbWhkLPKW4q4KUlrKfQPZt9dkAAXJzgEADmAM4GczBUFnOTZ1XjAfjyioV0adKs2V2uQ7vvavOzAY+oMk5x1jpa5bHVwsGT1HlPprMbqL1xe2pwlww1lhDWB8r7OVBHaMkTX0JLuZ9aL7FLX8c094Dt6VbK9Xfei4Uq1d2oFpDNnkygHp15RGlOOV9iJVIyx9ilx3jFN1V6ITmziFmpXII/ZsjAE9xyRymdOnJST+xjKaccLyZIazTWu7I+mFw0mlSptQB6NXQKLx+0UruAHIkEdcTU4zisPbLNnNFsxnlrqUstpKWVW40tKs1eAu9dwYBQBt92Bjlym62TUXnyaqzy0YXS6cucDp2numN1dRoR13L3DOGVL2rypad2bRwDgr3uKqR4knoo7WaeYqVKlxPU+jYtuF2+Ev8Ats7FwDgVOkTbWMsfac+0x9/YPCWYU1DY8jeX1S5nzSf8GWE2FI9AwCYBMAkQD0DAPL9IJRo/kY7tZqC7hgjtWOecBWOOfuOPhNdJvU6fEYQXT5FujdtBcHrRx0ZQw9xGRNhzGsMuIIEAQBAEA5H58got0bOpZcWgqDt3DNZI3dme+X7Luijd6NM0UccqZm3paK2ap9gZDtNJPo1TCqFTaxXv7eZlvpPyVuoilpOJUls3VqQ9rO/qKxw9lZIVsbhhfS9McyO3GMuR40MeZFLjVVIWtqdo3bjgE5C7a9u7JPPO/n2/DllDK3InjsYubTWMwCYAgGTdR+CVsDP4mwZ7cehrIGffmas+v+Dal6C646aqHbTJRUdiIrWNvLs5QFrFO71Rk8lHLA7czGCcllsmTS0wZHiHDaqNVdYpqNdVuGrXdmoN7JORgg+zlSSpYHqJgpSlHBLik8mB4iyWXsaRhWIx2dnM/OZzqKjScpdjbb20ruuqdPuZXh2iLFaqlyzHAHee+eVrVpXE8s+o2ltS4fbcvhavydp8meCJpKgi4LHm7fzN/YdPhLUIcqPHX97K6qOT27GYzNhQJEEkiAeoBMAkQCRAKGt1S1hdxwGYID4np9eUgyhFyehqXllrK9BpLrKwqs4ZVAwM2NgZHuALTKEcywjapt+ub0ibdwevbRSv8tVY+SAQ9yunnUvJBIgCAIAgHKvPwn7PSt3PYPmqn9JesfcyleLRHHxOoc4mABBOQYIIgE5gEyQX2j4o9aGvZS6Ft+2xA+GwFJB6jkB0M1yppvJmptLBVt4sLE23U1O4QIlubFdVUYXcFYLYQOQLDPIZzIVLGzJ587o96zjRsOpJTH4koT63sbXD93rZxjshUsY+w5s5HDKMDcep6e6cHid05z6a2R7/APTXDY0qXXmvVLb8HUPNrwMAHVWDmcrXn+XluYeJPL3Z75Ut6f1Mjjl63LoRei3/ACb9mWzzZMAAwD1AJzAPUAmASIBpXnc1Rr0IKnB9PVj4Bm/SbremqkuV+DF3DoNTXZnIuO8d1Gs2emd2A9UZ5DPuHLPj1ly3tHSzKTy+xF/xCnWgqdGPKnv9z6WpXCgdwA+k5z3Jjsj3IMhAEAQBAOZ+fZP3Wg91+PnW39pdsveynee1HFp1TnCCCYAkgiQBAJzJBMAQCpRXuYDvM0XNTp03IvcOtncXEaf3Nm4do2usSpPadgo8O8/Ac/hPIL1zz5Pq1acbeg2tkjuWkoWtFRBhUUKB4AYE6SWD55UqSnNyfcrZkmB41GpStd1jKi9MsQo+ZkNpbmcKcpvEVktdJxrTWv6Oq6t358lOenWQpxZtqWlanHnlFpFxreI00jN1iIP8RAz7h2xKaW5hSoVKrxCLZhbPLrh4OPSsfcjkfaa+vA6EeC3bWeUuuF+Vuj1Fgqqdi7ZwCjjoMnmRiZRqxk8I1XHDLihDnmtDOgzYc8kQDnvntfGiqHfqF+lVsuWK/cf4Kd57TnnFDuSnA9VTQqFhsbaQT6qdWX2fXI57ie2Xdkyr4PowTjHVWxMEiAIAgCAc78+C/uNZ7tQn/Tsluyf7hUu/YcOnWOcBBBMkgiAIAgEyQTAEAvuFp6xPcPvOPxeeIKPk9Z+lLfnuJVH2R0Hza6IPqWsI5VpyPczHA+m6ca3Xqyej49W5KKgu51AS8eOPQgGN8otHp7KW/FD9mgL5yRggHny98wmljUt2VSpCqunuzl3kfeya2kpy3MU+DA8j9PlKNJ4ng9nxSClaPm7YLXjq6gXuNUSbAeeTnl1G3uGOgmNTOfUbuHqj0IuktCxAJ5D3TWXnLGrOl+b7yaenN967XYbUU9VU9Se4nlyl6hScdWeN41xFV/26byu5vCyyefPQgHN/Pif3Wgf+ef8ApN/eXrH3v8FO89qNA1SVm9FX0m5tTVkOu0lGZSp/wr2BTzAx06S2/ayr9SPo+cY6wgCAIAgCAc/89q//AE9fDUV/8rj9Zas/mFa69hwqdc5YgCSCYIIgCATJAgEwDKcKHqk+P6D+887xeX7iR9A/SdLFvKflnV/NfTii1sc2tx8FRf1JlW3Whhx+ea0V4RuksnAJBgGm+c3iGylKVPOxstz57V7x3EkfKV7ltRO7wCip13J9jnFdjKQykgg5BBwQfAyjnGx7KcIzXLLY9anUvYxexmZj1JOSewc4bbeWRSpQpR5YLCNl8jvJWzUslz4WlWznPrOVPMLg5XmOvym+lSbeWcbi3E4Uoyox1k1/R0f8HZWM0WO2MkpazWbvAWMSynxJI8J0cp6HiGsbF5odWtqK6dD2doIOGU+IIIPiJElh4CeS5EgyOc+ec/stIM4/bk564wvX6y7ZbtlO77GhUhv9pU088DVUE5IZmbKZaxx7TdT1IBJwT1NyXy2yqn60fRk4x1hAEAQBAEA0bzyJnhrn+Wyo/wDGB+ss2nzSvc+w4HOycoSAIDEkgQBAEAkSQTAMvwv2PiZ5finzz6X+mP8ARL8s7D5u1xol8XsP/Fj9JjQ9hyeN/wCqZs03nILDjfEDRUWRQ1jEJWpOAznOAT2AAFie5TM4RT3MZZ2W5z/yh0iNQbFFl9ocG3VEbUP5RXWD+QZ5BeQx1JzK11PnWEtj0fAqUqFXE3rLsapOeewK2j9HvX0u7ZkbtvUDv8fdJjjOpqr86pt09zbhrbNE7WJduRHrArA9R6bFyrAA4HQ9mc++Ws8ux5roq6Si46vOv3RvQ40qV+k1A9Eu3fuJyhXbu5NjkcdjAHPTMtQbk0kedrU1DLT2LbyJrcaXe4Km6268KeqrbazoD47SPnN1X3FWltkz4M1G05n562z+DTIGbLDk8gPYGT7sy/ZfUUrvsaV5N+vxejnu/eE57Su7YPa2nmuducHmMy1U0osrU9aiPosTjHWJgCAIAgCAaf52K88Lv8PRH5XJN9s8VEV7lZps+ep2kcpCCRBDEkgQBAEAQCRJBl+FH1P8x/SeZ4qv3v4Po/6Wlmyx92df83dmdGo/lssH1z+s12/sOdxxNXTNoE3nHML5UaMWCjf/AA1vHpM8hsKOvM9gLMqnwYyc6YM6U+SXMWXl7qUr0ppCMS+0LtU7VAYHmeg6dJorvEcHW4SnK5VST2LPyd4Lofwdd+oSoEo2Wfp7TAEjOM8vfMKdOPLlm67vbj4lwpyeM9jn+qoKMVYqe4qQwI7CCDKbjh4PV0K0Z0+bxvk2GrVVac0Va2ts+jtR0xvL1t69OwLnJDch3ZnQo285djy19eUo88qc+6a857mx/gLtWq2a9Tp9FSAV05b1rAoG1tSwPIDHJB8Zdco0o4jueagqlxUy/JtnBrC1FTNnJRTz64xyz44xKyeSzWiozaReiSajlfnnOb9EuN38Q7emcvWMZ7M4nRsvbIoXeskaz5CgtxmnJDH01pyM4O2uw5GeePVm6v8AJNNH5p9CichHVJgCAIAgCAaz5yVzwzVf7vPyZT+k3UPmI01l6GcBXhNhVGQg+kxgcwc7tpz2ciV7e2djnRzFB4KX+zbSCVXcAAcqQeR5A4688HHLsjqRI5GUr9Hant1uPepmXMmRhlAycmLEAmSBBBEAmAZPhD8mHjn/AL+U4HGIeqMj3f6Sq5pzp/fJ1XzYXZptTPNbQ3wZFH3Uynbv04M/1BT5aql5RuYYHtEs4PPEsgZSCAQQQQeYIPIg98EpmFPCdRUf3XUEJ/8AitG9B3BG9pR4faGzbFx76GO1VnFGyj1Ule/8OLAevZ+I8e6TzU+8TNUpuXNCql/yYO3yXrc5tGtyPy6fT10Ke/ruJ+cjnpL2wLbd1JYlW0M3wfQ+gP7nw3Y/T0t7puPizAs590SuJy0NEbK2p6yqZ/GcmYTg1tzB9baHCkEVINtQI6Fs83IPfy8Jr5G9zJ3MKaxRWPv3M8JswUmSIIOT+d239+0gwTtQHC4zzt7M8uztnQs/ZIoXT9aMD5u2DcapIbcDZqSGwBuHoLsHA5DPXE3XXyma7f5p9BCck6ZMAQBAEAQDA+Xenazh+pRBlmqYAd57JKqxpvnlsjGUHNcqPnm3h+rr5Ml64wfzflOVxjuPTul6HFLSe00VZcOuI9snleKahD7RB5flUdM47Ozc2PeZZjUoz2kv7NEqNaHuiyuOPW4wwVhgDHTGAB9cc5s5E9jXmS3RXfjlbe3UBzJOMNuy+9wd3Tcd3Psz4SOlLyOomtij6bSsuCoB3oSdpB2+k5qMdyE5OQTgSeWSIzFjUaHTsf2NuM4O045Z29rEdMkkcz3ZxmTzNbjlT2Pa+TtjYCMpbZuIPqgHdgjceRx24zj4iFUI6ZZtwm/Gdmfcyn8u7oD3c8DsB7jMuoiHTZaOhUkEYIJBHcR1EzNZc8MfD47xj9ZzeKUuelldj0f6auOldcrfu0Oh+bfVhNSyE/xKyB4spBH03ThW7SZ6vj1Fyoqa7G5WLeWQhWVKi+4Hq5clQUxnICknn/N4TpRweLeSjo9qKgyA4x6IANWpBtbcFrJ7jg57BnpMmkYnvS620BFJf13OTzsKLtCDLEYGbCXGcjHLwjlWQpMubdfdVUbGZXCADmOZJrDbjjkPWIGAOnORypk87I0XGnc7Qis+0vyLKGUHBZdwzzyuAeueuOch0wplSrygVrfR1032AFVexVXZWzAEBiWBOARnAOI6LxnI6qzjBc6fjumdK3D4W1bGTcCMrWCbD05YAMjptGSmi80+tqfJR0bCqxwRyDDcpPdkcxMHFpmSkmsldGB6EH3c4wM5ORedE7uKUKQxHoUGFIU83tBwxOB7z0nRtF+2yhc/MRY+aygf7TpwuCqahzzJxyZAB7snn25mV0/2zG3X7h3kTlnSJgCAIAgCAWnFRmmz+hvtKt58iX4Moe5GjieFbwzpptFK/S1v7aI3vAM2RuKsdpMy55GP1Hkzon60oPEZX7S5S4tdQ9szCSg90mYy/wAhNK3stYvuIP3Ev0v1Ldw0eGaJWlvLeBjr/N8f/DuH+ZcfaX6f6rmvfE0y4ZbvbKMdqfIbWL7Po39xx9DOhS/U9vL3LBXlwdNemaMZd5PayvmabOXaoz9p0qXGbOptJFeXCrhe3DKC36msFc2qDnIOccxtPXpyGPdLcbi3nqpIrTtLiG8WWt1hZizHJYkk95PWWYyi1oyvOElujyjEEEdRzmNSPPBx8mdvVdGpGouzNn4VrzVZXcnMoQw8e8fEEieRlHp1GmfV8xvLX/6R3DT3K6qyEFWAYEdoIyJ0E8rJ4GpTcJOLKkGB5NSnOQOeM8uuOmflJyC3v4ZU+cg8xg4LAezszjOMhTjMlTwRyopjhQVi1bsrYKgkBsKfygeBwRnptHZyk8/kjkLfR8NvoscUtWabG3sr7t6MVAfYRyYHAOD0JMzlOMsZMOSSya7X5I3UpVsDMy6bVrZixmX0j14r9GjnC5OegHjNrrKX+xr6LWp41dF1dGtqem/NumoVWCF0OyhVcEr2glhjtxMk1lMw5WotGb8kNXTWiUVis7i7BqqmpT3FHJIblz7PrNNVZeTdSemDSvORXu4sg2lv3YZAIXl+2JOTyGBz+Et22lIrV/mHnzR1H/aIOc/uljZxj2rV+fU84uvlkW/zDtwnNOiTAEAQBAEAt9eua3H+BvsZXulmlJfYyjujRZ4OW50gJiCZAEkEiCSjqGwGY52qCcDqcDJmymsySXc2U1l4RZaXVbxupL5UBjW+eatzBBOcZwcEHHKWp03B8s+/dFmVJxeJGQqdbEDcirAEZHYe8SrKVSnLlyyrLmTwWt/A9K/tU1n4Y+03w4hcw2m/7Ib8oxmp8idE3sqyf0t+hzL1Lj93Dd5NTo0ZaOCLY+RKqMV2n/MufqDJqcZlUlzSidWyvo28Omo6G3+TDPRQtVzBthIUrn2ewHPaDn6S9R43RxiSaOZfxjWqupBYyZpNXWfzD48pehxO2l9Rz3SkislgPQgy1G4pS2kjFwkuxUm1STIwyZJBIgEiCCcwSTJyyMI5B5wUD8VbJT1NMpwzKgY+tgZY4PNwcdoBnSt/lHPra1DKeZvQu1zakrtX8OKVznL4dfX59BhQPnjlKVzeU5z6Md1qzfb0mlzs64JpLQgCAIAgCAU71ypA7QftMKkOeLiSnhmgXafVJyfS34702WD6Nn6TytXg1dPTU6kXSa0mi2s19afxCa/94rV/8wEpVLGvDeJn0m9sMuKblcZRlYeBB+0rSpyjuiHTkux7mBjgmQQUNUu5XQdWVgPeVIm2l6ZJs3UmlNNmM4Jp3R2JR1X0VakuQTuXPskE+rgmXbmcZpYeXkuXMozSSeuT1XQ1mn9X81jWL/QbGZccx2EGY9SEK+ZeDBzjGrr4KtNmoQ4ZC3MZ6sT6tYPPsAO85xzx4xKnRqd8ESjSn3FfGDyFleCR3/YY5nvHLEx+Ei/azH4eL2ZXr4shfbggYPM94K93Z6w5zB2kkjF20ktC5/HV5UZ5sQB8VZgTnswpmn4ep3RrdCa7FwrAjIwR3jnNThLujDlZIEhNoxaKiXMOhI+M3Qu60dpGLgmVk11g7c+8CW4cXuYvfJrdCDK68UbtUfaW48fq/UkYO2XYrJxRe1W+hlyHHqf1RZg7Z9ivXr6z2498uU+MW0t3gw6Eyul6Hoy/OW4XdGe0ka3CXg5X5V8E/EcTuttBNNYqXA62NsXCr4ZIyZN5xaNCiqdN+p/7GqjZOvW9WiN78ijlm9XbhANo7MHBAx3YxOJwjPWm28l+5goYijbp6MpiAIAgCAIAgCAQVB6yMEptGL1vk5o7TmzT1E/zbQG/1DnMJUYS3RsjXqR2ZY2eR+nxip76/wCmwsPk+4StPh9Cf0m9XtTvhlm3kpqF9jUq/hZWPuhH2lKpwWlLZ4NqvKb90P6LO7geuAO6qlx/5drBvkyAA/GVJcEmn6ZGyNxRfdoxl+mfmt+n1gXtBXcp95rJz8TNE7C5gtEb41IfTJFQcRozt9IgP8pIU/6Tgzm1LatH3RZi6Unll4pzzHP3TQ4SW6MHCS3RDoDjPYQfiOkiM3F6BTa7lKzRVMCCi4IwcDHLkez3D5TJVpruZdWa7lC7hNTEtg5JycHrkMD/AM7fObo3c1obI3Eu5SXgy5B3ZIxzI54yc889oOJmrzyjP4ryipw3R3VsNzgoFACgscYGO0d/P446TGtVpyhotSKlWEo4S1MnKRVEAmABIB6EA9QmwYbjVxQFl6rz647MZPgAxPwl61XO9TdQgpSwXXCLigySQT8OZJJnd4OvXIo3vuwZiri1g6Mfv956ApGZ4XqLX5tjH1gGSgCAIAgCAIAgCAIAgCARiAU7tMjjDqrDxAMhpMyUmtmYi/yR0DHPoFU99Zas/wDARNM7WlLeJvV3WX1FpqPJAf8Ag6i+vwO20f8AGCfrKlThVvLsbVfS+pJlrZ5O6xR6ttFn9StWfmpYfSUqnA4P2s2K6oveLRa26LWp7emL+NTq/wBG2mU6nA6q9rM1UoS2lj8lodcF/iV31/7ypwP9QBX6yjU4ZcQ+k2dNP2tP+T3RxCl/YsrY9wYE/KVZUKkd4sOlNdi6mlprcwwJBBMASAehBKPQkAxOvqVmwwBAOefeCCPt9JboScVoZQk4vQo6e8uTt9kcgf5u8jw7j2z1PCbeVOnzy7lK70aNg4RoC5+87BUNtprCgAdkA9wBAEAQBAEAQBAEAQBAEAQBAEAQBiAQVgZLTV8K09oxZVU3vUGYOnGW6Nka04+1sxT+RujzlFsrP+CyxR/p3Y+krzsqEt4o3q9qrdlpb5J3D+Fq3x3WVo/1G0ypU4Pby2WDar5P3QRQs4Lr16DTWeO56j8trD6yjU4CvpkbPiaD3TRaX/ia/wCJpb/fWBaPhtOfpKNTglxHbU2LpS9s1/OhRPFaV/iE1nutVqv+cCVJ8Prx+lmaot+1p/guadQjjKOjD/CQ32lWVKcd0YunJboxmoR7rDVUGPP1yO7+UHsJ7e4e+d3hVg6j557GqpNU45e5tPCvJvaAbcf0j+89ScyUnJ5ZsVVaqMKABJIPcAQBAEAQBAEAQBAEAQBAEAQBAEAQBAEAQBAEAjEAYgHmysEYIB94zIwSm1sY3V+Tujt5vRXnvA2n5jBmEqUZbo3QuasdpMuuH8PqoUJUoUD4k+JJ5k+JmUYqKwjVOpKbzJl1MjEmAIAgCAIAgCAIAgCAIAgCAIAgCAIAgCAIAgCAIAgCAIAgCAIAgCAIAgCAIAgCAIAgCAIAgCAIAgCAIAgCAIAgCAIAgCAIAgCAIAgCAIB//9k=";7800059006526;102AC10;FAR;ATORVASTATINA 20MG X 30 COMP.(lch);CHILE;sept-26;395;;0;18
https://s3.us-east-2.amazonaws.com/basestack-publicbucketa6745c15-1ul2knuv6sta7/images/72d2577b-68a2-4e0c-b30f-40fc68293a28/large.jpeg?u=1722007643528;7803504404113;100301618J01;FAR;AZITROMICINA 500MG X 6COMP.(MINTLAB);MINTLAB;feb-26;967;;0;120
https://static.salcobrandonline.cl/spree/products/40366/large_webp/2590187-1.webp?1641477140;7800041043928;10001C01;FAR;BAGOMIGRAL COM.2.5MG.;BAGO;oct-26;8259;;0;37
https://product-img.cofar.cl/products/TvPBBhojocGwn8EzP/images/0.jpeg;7800018000831;100443423M02;FAR;BEPANTHOL UNG 30G;BAYER OTC;oct-26;2809;;0;85
https://static.salcobrandonline.cl/spree/products/74533/large_webp/581952_-_Bisolvon_Adulto_1000x1000.webp?1654637844;7730969300332;100229510R05;FAR;BISOLVON JBE AD 8MG-5ML 125 ML;MAVER;ago-26;2489;;0;93
https://static.salcobrandonline.cl/spree/products/74688/large/581953_-_Bisolvon_Infantil.jpg?1654874436;7800028000852;100254810R05;FAR;BISOLVON JBE INF 125 ML;MAVER;jun-26;2689;;0;87
https://farmex.cl/cdn/shop/products/bisoprolol-25-mg-x-30-comprimidos-curae-spring-827068_1024x1024.jpg?v=1694187172;7803504404106;100AC07;FAR;BISOPROLOL 2,5 MG X 30 COMP (CURAESPRING);CURAESPRING;jun-26;1403;;0;118
https://beta.cruzverde.cl/on/demandware.static/-/Sites-masterCatalog_Chile/default/dw5e0dec40/images/large/251832-bucogerm-tos-comprimido-masticable-10-unidades-clorhexidina-10-mg.jpg;7800044000126;100001118D08;FAR;BUCOGERM 10 COMP;MINTLAB;sept-28;966;;0;7
https://www.ecofarmacias.cl/wp-content/uploads/2021/01/Burten-SL-Ketorolaco-30-mg-x-2-comp.jpg;7800018000954;180440218M01;FAR;BURTEN 30MG SL X2 COMP;CHILE;jul-26;3038;;0;10
https://www.bago.com.bo/wp-content/uploads/2023/11/Cafiaspirina-x100-Comprimidos.png;7793640992615;100022618N02;FAR;CAFIASPIRINA X100 COMP;BAYER OTC;oct-26;3944;;0;7
https://http2.mlstatic.com/D_NQ_NP_648616-MLC76736977625_052024-O-calorub-forte-dolores-musculares-crema-35-gr.webp;7804628610015;100215823M02;FAR;CALORUB FTE POMO 35GR;MENTHOLATUM;ago-27;3000;;0;20
https://www.mercadofarma.cl/cdn/shop/files/Calorub_Pomada_35gr_grande.webp?v=1737482014;7804614931865;100181723M02;FAR;CALORUB NVA FORMULA POMO 35GR;MENTHOLATUM;ene-27;3000;;0;25
https://static.salcobrandonline.cl/spree/products/46663/large_webp/151637.webp?1641476789;7804673040447;1111B01;FAR;CARDIOASPIRINA 100EC X20 COMP;BAYER OTC;ago-26;3040;;0;62
"data:image/jpeg;base64,/9j/4AAQSkZJRgABAQAAAQABAAD/2wCEAAkGBxITEhUSEhIWFRUXFRcXFxcXFRUYGBUVFhcWFhcXFRYYHSggGBolHRcYITEhJSkrLi4uFx8zODMtNygtLi0BCgoKDg0OGhAQGy0dICUuLS0tLS0rLS0tLTAtLS0tLTAtLSsuLS0tLS0tLS0tKy0tKy0tLS0tLi0tLSsvLS0tK//AABEIAOEA4QMBIgACEQEDEQH/xAAbAAEAAQUBAAAAAAAAAAAAAAAABQECAwQGB//EAEMQAAIBAgMEBgcECQMEAwAAAAECAAMRBBIhBQYxQRMiMlFhcUJSgZGhscEHFHLRI0NTYoKywuHwJDOSFWOT8TQ2g//EABsBAQADAQEBAQAAAAAAAAAAAAABAgMEBQYH/8QAMREAAgEDAgMGBgEFAQAAAAAAAAECAwQREjEFIUEGE0JRcZEiMoHB0fCxFENhoeEj/9oADAMBAAIRAxEAPwD3GIiAIiIAiIgCIiAIiIAiIgCIiAIiIAiIgCIiAIiIAiIgCIiAIiIAiIgCImGvXy2Hf3wDNE0/vDHhl98GrU70/wA9snBXUjciaPS1PWWC1T11kYGpG9E0Mz/tB8Pylpd/2ny/KTgaiRiR2Zv2n+e6WGo1+2fO8YGolIkcFP7T4mWlP+4fe0YGokrxIvox6597fnLSo9Y+9vzk6SNRLRIjKO8+8y24/wAJjSNZMyshs3+XMrcRpGsmIkOSIDCNI1kxEhcw7pbVxCqLnyHeSeAA5mNI1E5EhhU8Jxe9O+5pt0WGILA9dyLgEeio4E95lo03J4RWdaMFlnpspPFDvzjf2i/+NfqJfh98sYzqhqjrMAeooI8iJd28ksmMbyEnhHtMTlN2dpVHruhYlMoIB11yoSfeTOrmB1J5EREEiR+0+K+36SQkftMar7fpJW5WWxrKZUGWAyO2tt/DYa3T1lQngCdf7S+DMk80reaeB2hSrLnpOrrwupvr3eE2LwC8tLbyPwG2KVapUp0zdqWXPqpALGooGhOv6NtDbiJviSCt5VZbF4BkzGUvLc0pAK3lCZH4jbVFK6YdnHSPfKvHXLnsbajqgm505XvpMOy9vU69avQQNmoZM5OUqS5cAAhib9Q3Bta49jAJa8pKRAK3lVlsCAVgCLSO23tmnhku2rnsIOLH6DxkNpLLJjFyeEZtpbRSguZzqTZVGrO3IKO+YtnYeoT0ta3SEdVB2aSn0R3sebezhNHYmzajP96xOtU9hOVJeVhyPy85Bb5b18aGHbvD1B8VQ/M+6TThKoxXqQorG7/eSK75b12vQw7eFSoPiqH5n3ThIIiejCCisI8OrVdSWWUN5mwLZaiMeTCWhZixptTY9wPd3GRU+Vk0X8a9T1zc3/5L/hI91l+k7iec/ZfjDWY1WFi6MxHdmfNYHnxno08yW570dhERKlhNDafo+36TfmjtPgvmZK3Ky2NCeV7nbPpbQ2jtDEYpFrCnV6OmjjMoGZ1F1OhsqLbzM9SM8r2LjV2XtbGUsSejoYkmtTqMbL2mcefbZTzuo75oZo7DAbKwWykxFcMadNmDNmZiqAaKlNeQuxA59a3AC2DZe/2HrVqVEpVpmtfoTUpuoqqASGUkAFTbQ35jTWc9vxtyntHZ2LGEV3Wg1NmfKQjBX6wUniQozm3K009k7Po4s7Lq1NpO7qwNGiaIzA03NWoGs2gvSy5gMvVX2wSbf2aYpaeL2w1RgqrXBLE6Koq4rUmdDT+0LCmrTTLUCVXCU6rU6io7GwBUsoBXMQCQdLi+ms87w+DqVF3gSmCW6VXsOJFPFVqjAAceqpm1svZ1PGYHBh9qZQlVKaUvu5JWsQFVLhtQBoGHIgnwBno+8O91HDE0wDWrKuY0kDF8vfZVNtLamw1ihvhhzg0xjFqaODlWoCGJHEAAHNwvdb3Hw5Ld/GLhtvY1K5yGtdqbNe2XSoLHkMl9eH6M901PtK2nSqNs3GU2z4Va5DFQbBkqUmIt35UfT92SQdjsLfWlialWgiMtamhcU3DIXAtp1lBVtVuCPSBFxrLMdv1QSiKiAVXNVaK0kqDOzuAbAMoIIJsQwFiD4X5sVhW3lz0mGWlQ/TMNF0pMDc+b0x7PCctQ2nTTa3/UmogYVsZUphuStlANT8XW6Q+bW1GgnB6djMbhk2lh0fDqcTVQjpA12RVRm6wtqNCoPHjwtOB3V3mTB4vaRZHqM9Y5VUHs06uILs7AHKozLrbn5mTO1v8A7LhT/wBkeX+1iv7TR+zzaVCjtHaPT1EphnqkM7BRZa9TOLnwI05ywPRd194KWNo9NSuLMVZTxRhY204ixBB7jJeea/Yqn6PFsv8At9KoTuuFJNv4WT4T0uRgqxK2lJCbybwrh1yrZqpGg5L+8/0HOROSisstTpyqS0xMu8O3kwy+tUI6qf1N3L85F7ubGeo/3vFXZzqinkOTEcvAcuMw7tbCao33rE3Yk5lDel3Mw7u4fSam929ea9Cg3V4O49LvVT3d55+XGlKlKrLL2Nrm4p2sNEXl9X9kU3x3qvehh204PUHPvVD3d5nEWmSUtPWhBRWEfNVKjqSyyyVgiUEsULgZixzfo2PgffYzKJr4/wD2m8j8pSfys0ov40enfZSltO6iP6J6RPO/swHWbwT6pPRJ5Utz6GGwiIlSwmltPgPObs09pdkef5yVuRLYjDIrHDC4huhrURWAa13ol6YqAXIDlSoa3x046SWkLhcctMPQzAV+krlKfpPnqPURwvNSGF24A3BOhmhkSGBpUlU06SKiIcmVVCqCACQoAtbW2nO44gzBs7YWFoO1Shh6VJ20LJTVSRxIuBw8JzlbGoqsaWLqlbYPOekZyjPilSqbtfIxUkMumUW0E2a2Nygla7NSpvUy2rHO6rTosWRzcVyjs65GOua2pWATi4TD4bpq60kp5galV0QBny5mLNlF2OrH2mYMHu1g6VU16WGpJVN+uqAEX4kerfwkftPHfoalM1AWIxwK31yqKxQEcQAuT3iZcRimD5unIP3ulR6LqWKNk6trXuVJe972NuEkG7tnd7C4oqcRQSqV7JYagdwI1t4cJjalgauGal/p3wydVlBp9HTya2JBshHHlbjGwqrMGWpU6RiqNxplGV8wD0in6tspsG1GU8eM1cgdhWAApGtQpLpYMlBqmR7dxquAvgqEcZJBfgthbOoUGWnTopRrgKxz6Vg/ZXpC12BubC+tz3zPU3XwZw4wpw6dAr5xT1sHN7te976nnNbCUEatkYA0/wDW2GhXWrSFS/K9zUFu4sO+ZsNWqnDYSz5XqLSDsQCbGiWY66ZtOd9eR4QQZae7mFWtTrikOlpIEpvmclUCsoGp10YjXvmhitwtnVBUzYcXqvnZg7g57sbqb9Xtte1r38BKptOtTTpajBwDiUyBQtzh+lKvcc2FE3HDri1ra7+Bq1xWWlUdKgaial1TKcwZFIGp6vW05994JNrZOy6OGpLRoIEprwAudTxJJ1JPeZtyoE5vejeQUQaVIg1banlT/Nu4e/uNZzUVll6VKVWWmJk3m3jFAdHTs1UjzCX5t49w/wAMTuvu+arfecRcgnMobi59Zv3fDn5ccW6+7hqn7xiLlLlgG/WHiWYn0fn5ccW929HSBqGHNqY0dx6fLKCOCfPy450aUq0tT2Oi6uadnBwp831f2RdvfvTnvQoHqcHcen3qv7veeflx44CJes9eEFFYR8rVqyqSzIZZS0uAgy5QxESkq0paBkCYccOo3l9JnEx4vsGZ1PlZrRfxo9Q+zLt1Pw/VZ6DPPvsu41Pwj5z0GeS9z6OOwiIkEiam0ez7fzm3NTaPY9okrch7EZECJoZGHF4YVFCnSz030txp1FqD3lRMhpjTqiwtYW4Ecx3GXwIBj6Fbk5FueJsLtoRqeehIlrYSmWzlEz2AzZVzWBuBmte1xfzmeLSxU18PhKaZslNEzHM2VVXMx4s1hqfEzDR2RhkVkTD0kVgAyrTRQyi9gQoANpvWi0EGnV2ZRZBTakhReyuUWGhGg8QSD3gm/GZ3pKbXF8puPA2IuPYT75ktKwDWODp2FlGjOw7gz5sxtzvna/mZGbF2WadQ1DTFO1MUwOmere7ZiFL9mmMqhV5XbQSbtOZ3q3k6G9Kkb1LdZuIp3/q+UrOagss1o0ZVZaYlN6t5BRvRom9XmeVMfVvDlIndbdvpf9RiOx2gG/WHiWa/o8/Hy413X3d6QdPiB1O0Ax1e2pLE+hz8fLjqb3709NehQNqQ0Zhp0luQ7k+flMqNGVeWqWx03V3Ts6bp09+rL98N6elvQoG1IaMw06TwHcnz8uPKqOq3WAGlxrrx4WFtPGYlmS09mMFFYR8pVqyqS1MAaS68oJcJYyKxKqZb0hgkxxaWtjV4Fl98ocevrL75XXHzNVQqPwv2Mkx4rs+78pU45PWX3iWVcWhsCym5GnfqJnUnHS+ZtQoVFNcn7Hqf2WcKh8B8zO/nBfZf+v7gVt72nezyme+lgREQBNbaHY9omzNfHDqH2fOStyHsRVpF4jFuGKXtZjY5QTkK0wpt4PVH/AyVtNergEZy5BzFVUm/BVYuLDzM0MjDS2mjBjlYBU6S5As6dazIQTe+U6Gx4XAuJhXaDUrfeCvWUMMiPoS9NOjtdi5zVUAItfXQTYw2zlQk5mYZcgVsuVEuTlUAA21trc2t3TGuyuGaozZcgS4XqqlRKlrgdYk00BJ9Uc7kiCrbUQnKhu2YCzK4BAqpTqFWIAbKXtodDJCRn/SjnB6TqrmyrkFxnq06xu19bFLDQWB1vJNRLEMARHKVggoRErEA5/e7bRw9MKh/SPex9VRxbz5D+0gt193c/wDqMR2NWUN6fMu5Po8/Hy4494U6baApE6ZqafwkBj/MZJ/aFjDToJRTQVL3t6iAdXyuR7phTh31Xn0O+vW/pLdad2ssg97t6DWvRom1IdojTpLfJPDnOVtLmHDu17pvYbZLugcFRfNlUtZnyC7lBbl4kXtpeexGMYLB8pOc6sss0FWXgTdXZNUuUC3ZSgOo41bBOPfcQ+y6oZFy3LmyZWVgxBsQGUkXGlxfSW1Ipol5GnaVAm7Q2XWctlpscrZW8GHEHx0ksNj0FSl0tR1aqmYMAOjS5IAck3Oo1twvMK1xGljqddnYTuW0njHqc8omJxxm4cG4GbKStyMwBK6G3a4TC9BgdVI8wRNdSlHJzunKM9L6M5QibeC2eX1bQcu8/wBpgemb+2Se1XKKqrpf5DlPLpqPOUuh9PcyqLTThycuvkR2NohXIXh77d8rgqV6idwZSfLMPzmAmSWCp2TNzLr7g6iZpapPBrOXdQSby9j2L7L+Fc+K/wBc7ycP9mi26b/8/wCudxBgIiIAmDGdg/5zmeYcV2T5SUQ9iLtFpdaLSxkWxLpS0sQykraViWKlLSsRIyClotKxGQcFvL+gx9OueyTTf/jZWHnYfGbH2kYbMlGqNVBZSfxhSp8uqffJ/ePY4xNLKLB1N0J7+YPgfynP7CxwZWwGLFvQW+hHcpPIjQqfLwmVKfdVOezOu4p/1VstO8VhnBSVWrRejTWo7K1Jagyhb5wxLrlbgOsbG/KN4NivhamVtVOqPyYfQjmJG2nr8pLJ8xhwbTOnp7RoCp0vSduphiVytemKRUvm0t6PIm8om06Ry1CQuRKw6NNCajWRXUtfUowOvDopzQEuAle6RbvmdVi6lGqj5OiYvUSoVqVQhDNTIY9pdQ19NeMzbMRwKah6dXDMFNVajIBSN/0mhN1txBXjOPIlR5mc9e1c0sM77PiMaLepb+R01XaFOjTphMzC2IVOtZcjO6jOOehB85K1ql62hZgMTSuGNxT0OUoOQbUezxnCgS/pWHCbKjhYOZ3OqbeNyLxC9Yjmua3kcwPuk3tSh95pA0yoFOkrBCLEjKpqEMB2g3eZzOJdw7Gx4m3ke6ZMHtitTBVWOQ8VubG4sdPKeVCLjJqWzPqatRVYQnD5lt/nkaS4Ny1spHiRYCSmKsqog9ZAPIMpv8PjMTbV/c189PlNOlVZ6qE69YW8BflN24Qi1Hm2cGmtWqKVRKKXP1PcPs3XSv5r/VO1nG/Z0OrW81/qnZTEuIiIAmPEDqnymSWV+yfKCGRUWlxkbjatQVMqvYMEA6oOTr2ZhfiSNBfQaad9zIkDE0qOLcqllDOc19co6hysRoedrDx4y8bRpXINRVs2XVgLmx4f8XH8Dd0sDagSxa6m9mU2JBsQbEWuD3EXGnjLqLhgCOBAPsIvrGSpdAlYgYKAQIlRBOC2Qm8mwVxC51sKqjqn1v3W+h5ScErKyipLDL05unLVE5HZuJXFU2weLBFVeBOjErzH74+I9s4vbWyamGqGm48VYcHXvH1HKek7f2H01qlM5Ky6qw0vbgCfkeU06JTHUWoYhclenx0sVbhnXwPMf2l6FaVN6ZbFb21jXj3tPk+q/eh5qy2tqNRfS+ngbiVWbe1dm1MPUNOoNRqDyZeRB7pqCemnnmj56SaeGLSogSskqFEutKSt4JKWgxeLyMFtTGQQhAZdPSA95EuvLBq9Md7iZVktDN7aT7yJ6l9niWWr/B/VOwnI/Z92a3gUH8066eWe+IiIAllY9U+Rl8x1+yfI/KRJ4WQQ4xVM+mPfLK1Km/Ei9gLhrEWIYWIOhBAN/CQ4EWnyMe09VfNBP6tfk7nYR6SJj7muVVUsuUWVgQTa1jcsDe/O99deM1K+ySSCtRgCbG4U5UyVhZdNdavPuHdrpiXLVb1j7zOiPaiPip/7/wCGb4e+kjcOzDe4qWGe9spPVz03IHW0N048NTpear7Da2nRmyEXK2LMWpsC5sbhcmgsdLDS15UYp/WMvGOqet8BOiPaa2e8ZL2/JR2E/NExaVtIkbRfw9395eNpt6o+M6I9obJ7tr6fgq7KqSVpW0jxtTvT4/2l67TXuPwnRHjVjL+4vZ/gzdrVXQ3LRNYbQTxHsl4xlP1vgZvHiNpLapH3RR0ai8LM8i9r7LZyKtFslZNQeT29F+8cR7ZIriE9Ye8S9XHIj3zfvaU1ykn9RHXB5wQWKwtPHUSrr0dVDYg9qk/1Q/EeInm+0MC9Go1OotmHuI5EHmDPXcThLsKqWFQC3g6+o/h3HkfaDo7f2KmLpcMtRewxGqnmrW5f+xOqhW08nscd3bKp8UOTPKJUTNi8K9NzTdcrKbEH/OExz0E8njOOClotKiDAwUlLS6UgYKWl+HS9Wn4OJbMmH/3Kf4x85lWfwM3tl/6I9R3DWy1vxL8jOrnMbj9mr+IfIzp55Z9AIiIAllXgfKXy2pwPlIlswjjbRaXC0Wn5Q+T5nvFlotLzKRkFtotLotAwYmBOgNu88/ZNOnWuM1NmNgCVbmDroTqD8JvNpry+U0MPTFEHrBtAAFGrEX8eJnRT06X59PuXilg3qThgGHAi48jLppHCt0Kra5GW4077kayxemUaAnQeOoXgfbz8Y7pPaSGhdGSFotNFsVUF7qBqeR0HW4997DXxj7+eFtfPgLoPjm+EjuJ/rI0M3xGWaQ2itrkHQ2PDQ8x7JfTx66BtDr8CQPlK9zUXQaH5G4Ce8y9azD0j7zNNcahI1OvgeQB17tCJnpuGFwbiNdanzTa9yjprqjX2ns+nXINUEkCwN7G3dccZHNuvR5Fx7R9RJy0Tpp8VvKfKNWXuzCdnQnzlBexzj7qJyqMPNQfymB90m5VR7VI+pnV2i06odoeIx/uZ9UvwYS4Xavwfyca+6tYcGQ+0j6TC27eIHog+TD62ncROqHariEd3F/T8GMuDWz2TX1OBfYlcfqm9lj8jMVLAVVqIWRlAa5LAjh58Z6JIvb3ZT8YndbdqbmvUjSnGPN4ys/kyfB6VN64t8ib3FPVqn95fkZ1E5fcT/bc+K/IzqJ9OjMRESQJRluLSsQDjq+5J/V4gr4Fb/EMJqtupjF7FdW8yw+hndxOWdlQnvFHdHiNdbtP1SPPn2RtJfRV/JlPztMDHHp2sMx8lv/KZ6RE5Z8HtJeFGq4nPxQi/pj7nmTbYrL26DDzDD5iVTeNOake0T0u0w1cJTbtIp81B+YnLPs/ay2WPcuuI03vT9mcCu3aJ7x7Jkp7Sw97hlB8rTram72Fbjh6fsUD5TTq7m4M/qyPJ3/Oc8uzdPwya/fQ0V9bPdSXsQyYymeDr7xMysDwI982qu4uHPZaov8QPzE1Km4duxiCPNPyInLPs1LwzLK4tX4mvVfgvKgy0IOE1n3Pxa9jEKfMuv5zE2w9orwKt5OD/ADATmn2euVs0aKVF7VF/BuvQU8VB58Bxlhwqd3fw048bzQajtFONEnyCn+UzC208QvboMPNHH0nNLg97Hp/s0VNv5ZJ+jJM4FfH38erlt7pkw2HCCw+n0kOu8QHaS3t/MTPT3gpHiGHuP1nPOxvEsOLJdGr5EtaVkem2KJ9K3mDM6Y+keDr75yytq0d4NfRmbpzW6ZsRLVqqeDA+0S+YtNblNiglYiAJEbxNZU/GPnJeR21dSgtx6T4Unb6Ts4dHVdQS8zOq8QZN7jranUH7y/KdLOc3LN0qHlnA9yi/znRz9NWx4zEREkgREQBERAEREAREQBERAEREAREQClotKxAMdSgjdpVPmAZpVth4Zu1Qp/8AED5SRiRhFlOUdnggqu6WEP6q3k7D6zTrbj4c9l6i/wAQPzE6mJV0oPobxvK8dpv3OKq7h+rXPtQfQzWfc3FL2Kyn2uv5zvomUrWlLeJtHidyt5Z9Ujzx9g7RXh1vKop/mtMLUtop2qTH+FW/lnpMpac0+FWst4r2RouKVPFGL+h5i21sSnbokeaOvzli7X6SpTuuW3SWN76mhV0nqNphqYOmxu1NSe8qCe7umdPg9tTqKpFYaIqX8ZwcdGH6kfurhSmGS/Fuuf4tR8LSXlAJWeolg85vLyIiJJAiIgCIiAIiIAiIgCIiAIiIAiIgCIiAIiIAiIgCIiAIiIAiIgCIiAIiIAiIgCIiAIiIAiIgCIiAIiIAiIgCIiAIiIAiIgCIiAIiIAiIgCIiAIiIB//Z";7804900000299;1PV021018M01;FAR;CELECOXIB 200 MG 10 CAP.(curaespring);GENERICOS VARIOS;jun-27;589;;0;123
https://www.ecofarmacias.cl/wp-content/uploads/2023/04/583031.webp;7800004032853;100453318A11;FAR;CENTRUM MINI X 30 COMP.;GSK  OTC;feb-26;4601;;0;17
https://www.farmatotal.cl/wp-content/uploads/2022/07/ciclobenzaprina_10_mg_x_20_comprimidos_recubiertos.jpg;78037830;101M03;FAR;CICLOBENZAPRINA 10MGX20 COMP.(LAB CHILE);CHILE;oct-26;441;;0;63
https://encrypted-tbn0.gstatic.com/images?q=tbn:ANd9GcRKb4GOH2sEffhGDFFxt77ZvmJQ72LJI3LFQg&s;7800007120847;100GE3818J01;FAR;CLARITROMICINA 500MGX14 COMP;CHEMOPHARMA;jul-26;2589;;0;35
https://static.salcobrandonline.cl/spree/products/42285/large_webp/3402057_001.webp?1641477031;7804900000794;26;FAR;CLAVAM DUO 875mg + 125mg Comp. Rec. x 14(eurofarma);EUROFARMA;abr-26;5055;;0;8
https://farmaloop-publicos.s3.us-east-2.amazonaws.com/ecommerce/images/products/ac5cae3d-ed8b-4735-a263-92a0237df7f7-1763251%20%281%29.webp;7800007803801;100453115S01;FAR;CLORANFENICOL 0,5%  SOL OFT 10ML;OPKO;feb-26;605;;0;154
https://www.fraccion.cl/images/thumbs/0181948_clorhexidina-gluconato-colutorio-012-x-fco-150ml.webp;7800044000683;100AA01;FAR;CLORHEXIDINA GLUCONATO COLUTORIO 0,12%;MDC;oct-27;1561;;0;60
https://www.fraccion.cl/images/thumbs/0180216_clotrimazol-1-crema-topica-x-20-g.webp;7805633008903;201D01;FAR;CLOTRIMAZOL CR 20GR;MDC;abr-26;299;;0;660
https://www.ecofarmacias.cl/wp-content/uploads/2021/07/COLMAX-125-X-10-.jpg;7800044000676;101165818N02;FAR;COLMAX 125MGX10 COMP;ANDROMACO;ene-27;898;;0;56
https://www.farmaciasahumada.cl/on/demandware.static/-/Sites-ahumada-master-catalog/default/dw3f17e27a/images/products/20839/20839.jpg;7804620834884;100DR05;FAR;DEUCOTOS JBE;EUROFARMA;ago-26;2899;;0;54
https://www.ecofarmacias.cl/wp-content/uploads/2023/12/acido-mefenamico-500mg-x10-comp.jpg;7804676070045;5;FAR;DICLOFENACO 100MGX8 COM.LP(curaespring);MDC;oct-26;413;;0;2056
https://www.ecofarmacias.cl/wp-content/uploads/2022/02/Diclotaren-Gel-30-Gr.jpg;8903726193556;100155023D11;FAR;DICLOTAREN GEL 1,16% 30GR;FARMOQUIMICA;mar-27;799;;0;445
https://http2.mlstatic.com/D_NQ_NP_622257-MLA82254618219_022025-O.webp;7800060163812;100206123D11;FAR;DICOGEL GEL TOPICO 1,16%;MINTLAB;feb-28;1097;;0;197
"data:image/jpeg;base64,/9j/4AAQSkZJRgABAQAAAQABAAD/2wCEAAkGBxISEhISEhISFRUXEhIXEhEXFRAVFRUSFRIWFhUVFxUYHSggGBolGxUVITEhJSkrLi4uFx8zODMsNygtLisBCgoKDg0OFxAQGS8gHh0rLS0tKystLS0rLS0rKy0tKystLS0rLS0rLS0tKzctLS0tLTctLSsrLS0rKy0rLSsrK//AABEIAN0A5AMBIgACEQEDEQH/xAAbAAEAAgMBAQAAAAAAAAAAAAAAAQQCAwUGB//EADYQAAIBAgQEBAQGAQQDAAAAAAABAgMRBAUhMRJBUXEyYYGRBiKhsRNCUsHR8OEUgpLCM2Jy/8QAGQEBAQEBAQEAAAAAAAAAAAAAAAECBAMF/8QAJxEBAAICAQQCAgEFAAAAAAAAAAECAxExBAUSIRNBMkJRFCJSgZH/2gAMAwEAAhEDEQA/APuIAAAAAAAAAAAAAAAAAAAAAAAAAAAAAAAAAAAACvX3XYCvuuwAsAAAAAABjKSW7AkFDFZpCC6nMp/EmusNOVmeVsta8yk2iHogjmUc8pS5tdy9TxEJbST9UarkrbiTcNwFwbUAAAAAAAAAAAAAAAAAAAAAV6+67AV912AFgAi4EkSlbc1166gtfY42Mx993YzNtDoV8elpH3ONjcxtzu+hSq4ly0jt1Ipwt/Ov7NHLkzT+rFr/AMK1aq5atmBekr7pP2/waalG23lf16I4L1tPvby1LQiYtrZmUqUkYo8dzAtUMxqx2m/XUv0c/mvEkzjpGVjdeovXiWotL0lHPqb8Skvqi/Rx1OW049r2+541IHvXr7xzDcWe6TB4uliJx8Mmi7Rzqqt+GXdWfujor1+OefS+T09yTiUs+i/FFrs7l6hmdKW0l2eh006jHbiWl0GMZp7NGR7ROwAAAAAAAAAAFevuuwFfddgBvNGKxKgrvfkjZWqKMW3yPLZji5ybbTS5aM88mWKRuSZiOWeNx+7vqcyrVb3MW+YR8jN1Nr+nja8yKbRujXZqRKOf5LRwy3fjdSYYhPyNI4EX57QsN823omvsYTgzFIlSa2JOXfKoUSfw30M41Xzt7GyNVaXv9GI8J+1hXRNixKa7vs/409CaVLm/v/knxzM6iV0rDyLc4+Sf936mt0lqtfXn2vZktitDWmgyRslRd7fyvuQ6bW6MTFoE0qso7Sa9S5SzWoudyiibFjPevEq7VLPP1R9i5TzWm+du55pImx017hljn2r10K8Xs0Znj1K22nqWKOOqR2k/XU6adyr+0D1IOFSzqS8UU/WxbpZzTe/Eu6v9jrp1mG32OkDTTxUJbST9UbbnRW0TxI0V912ArPVdgaGWJfys0zSe6v3LcloVDMxE8rCrWy2nL8tn1WhSrZIvyy9zsXB4X6fHbmEmsS83UyypH8t/NFSVK26aPXmM6cZeJJnJft8frLM44+nkUSeirZXTlsrdinVyVrwyT7nJk6PLXj2zNJclMRLVXL5w3g/TVFdo5LVtXmE0mxFiRY89qIzjUfX9zBE2EWmOFboV/IzVRP2K1ibHtHUWjlVtNW02+gatr9iqZwm+vI3/AFETyreocma3TXmZfjdUZqqu398i+WO0K0um/o/oYuLN9r7Pr9g010+33MTjgVwWJPqrIj8NO7Xsec0/hdNIM5xtoQonhaZidCIo72TOXB83XTscujh27Lm/ovM7+FhZWPu9v6a1I87fayitHX0JFZ6+gPqst7KZcKkt2SVhAuDXXhddtjNp1EzCttwtUcWVaX6nb9zZHMWk1Zc7fycdOupM6n0LtWtKDcpeC2lt7m2hWjNKUdmczEY9Sg1bV+3oacsqtVIq+jvePo/8G6548tR7iWPL27tzCpRjLxRi+5w/i6pNKhGnUlDirRi5Lo+RRxGe1sL+PTqNVJU405Qm9OKM3az89DpmsTHuG3fq5XTe14lSrlEl4WpGeEz6nOvXw9nGdJKTvzi4qTa7XOhh8XCpCNSMlwyV1LY5b9Fit9aTTgVcLOO8Wa0j1N/7yNdXDQlvFfY4snbP8ZTxeaMkzsVMqi9m15Faplk1tZnFk6LNX6PFRsDZOjJbpmJyWi1eYGKJQQUTOxFjOFRrZ2MHzMkjUXmOFbI1vTXdGEkt73fMWFizktPKiRaoU7fM1r+VGOHpc36eZ0cPQ/NLfp0PqdB0e5+S/wDogw1C2r8T+x0qS0RVZbhsj7kRqElpr7rsBX3XYFRYKcty2UMRWtKzT15okzpqsbZkmMZXMrkVpr4aMvLsUq2XNJvjXrdehexNXhi3a5xpzlLm3fWx8/qviida9syzw+C4+at1v+x08HhFBdXr83k+X0ODJPfXYyo4ycHpJ26MxgyUr9PLyiHVznKViIwTnODjJShONrqS23TucLMPharKnXk6zrVqn4cVKSUEoQle2h3aGYccZWTTVvZmyhi7p35cK6Xu7XPpVncbh6xO/byeY5dVhLG4lQlxRqxlDf56ToqFSKa3V7P0ObmWNi8LgsK5ypp0uOckpNqyfCtNrs+hLFxbfk3ryVr6P0EKFK/HGML2tey1XRmleOxvxBNYPA1Kdb8PjrQhUqW4klFNO8eex0sNn1SEISnUw+IU6sacKtFuN77uS1s9tCzU+GafFT4G0oYh1uBpNXa1il0/k1fE2AajRlRpXUa8ZzjBKN0vJcwO1mGPpUIqdWahG6V3td7amWFxlOouKnUhNfqjJS525Hkfi3MY16NKycGsRTuqsXaOt7tc0Xcuy5ShiHKOHg5QUVXoScb7u7S8NrIg9R3t9DTUwsJbx9tDx/w1nWKxClJOLhRjwPm6k1opdrJF+p8UThOnTlQnKUoSk+Hkoys3bmYtipbmB2KmVr8svcq1MvmuV11RYwOdUatP8RS4UpcMlLSUZ/pa6nQT/wAdjjyduw24jRp56UGt0/Yg9E7PdJ9yvPBU3yscWTtVv1nZpxkb8NQcn5fctLLtd9OnNl+nBRVkrGul7daLeWT6GulQtq9WbSTFn2oiI4BMtxWiKcXqkXUaZaK+67AV912AG8pYuinJPnoXTRX3MytZ1PppgtCQA1tjVpqSaezKNKi6c27fKlpLy5HRIavo9TxyYYvMW+4RXjg4N8Vt16GitlcZP9K0tbp5nQirbA18VdcMzWFCjgJU38kk0/En08upLqX3jFt3tbRqK8uu2heNU8PF30s29WtH7rU3WsV9QsRrhTSptPhnZO6afOSSi2778rkzoTT4lZvydl9TZPApWceV/lez+ZS1+vuaXhZwd1K2urS1tz1e67o0rF4upDeN3w6X2clLW7XJxX0LFDME73TXn1Vr3+phDET0WjXEori/MpX108vLmQp0qm6atd9N0m9vLQCzVVKcUpcDUtlK2t9FoUK3w7QcakIxlTVRJT4W1dX28uZZnh7qCi00mmrt7XW2913MKTnBwvdJKMW+TajUu9L6P5fO4FfA5IqFb8Sk1Gm6ajKn14fDLTmc/OXOljqWJdKrOlHDzg5U0pNSlJPZdjsRxko2493JpLRfLdq7s3+xvWMWqkmtWvbd6cloB8/xvHOGMxHBOFKtjMNwKUXF8MGk5W5X39T0Wb4twxlCzbjHD1ZuKejtHTY9DiKMKsXCajKMo6xeuhy8v+GMNRnKcISblFx+ac52g90uJ6AcjCY/HPD/AOt46co8Mqn+n4X/AONX0T/Voeoy/GRrUoVYbTimvVbM85UyXGU6U8LQnRdGSkoympfiU4PfbR7s9BlOBVCjTop3UIqN+vV9rkFxEhACCCSJbFGnDO79/udI5mXc3ryOoVlXr7rsBX3XYAbzmZrj1ScbptM6Z5/4m3h6nhnvNKTMM2nUelmjmVOX5reT0LUXfZ37HKhRpTVNO1+B3to76WOUqsoN8La1avdrY556qaRE2hPOY5erJPPUs2qLe0u6t9V/BdoZzB+JSi/LVfyelOrxW+2oyRLqA1UcRCfhkn2aZsOiJieG97SQAUSCABLRVqYGL2ut9vNJfsiyCinUwrtBR14WvRX5mNOtKLipcSVlFt85cNS+v/EvkNfx6AUVi7pccdZOyVrfcSlF7PhfzLVaar7FudGL3S/vQ0V8JdPhdrqSd03pLpsBrxGGlpw8oKO+ul/rsRh6k03xXsk3byW2pOMp1FJOL+VRtZP5lp01begw2Jld8S2TdmtVb25AZwxy5xad2lzu1e/tYtwldXW1k19zn1atKa1bg01q0lZ/Ot3p+r2L9OKSSWySS9CDJEkIAGYy2MjXV8L7P7FGWBilouVl7F0q4WNv76FsrKvX3XYCvuuwA3lHMsvVZK7aa2ZfBm1YtGpSYearZRVjqrTtt1sUK1OSvxwa1fLqz2hhOCe6RyX6Ksx6lmaQ8RwLk/QcDV1bZ/Wx6jEZPSlys/LQ59bI5xvwSTXR/wAnDk6K8fX/ABnxcdNr+S7RzKpHnddH/JrxFCcfHBr/ANuRVObzy4Z9TMJrTv0M2i/EuF/QvQmnqnc8pE2Uqsou6bR1Yu5THq8NxeYeoBxqGbNeLXz5nSoYyE9mr9Hoz6OPqceTiXpFolYMYvz/AKtCSk8HJPihO2rbi9VZu9k/r6nQq6CnTq1U5ccLx1akt+1iKGa0paN8LtF2krW4m1r01VgLoEZJq6K2OxsaSTls2lfku5BaIaNdKvGS33vo2uJcLtLTyaszZcCrisEpL5flfVefEv8AvIt2IAEoBEMAGgSVGygWDVQXP2NpUV6+67AV912AFgAAAAAIJAENFLEZXSn+VJ9VZF4GLY625gefxGQNeCV/JnOxGBqQ3i+6V0exIkjjydvxW9x6TTwxketr4CnPeK7nLr5Dr8ktOjOC/bslPdZTShh8fOPO66PU6VDNYvSWn2OdWy6rDeN11WpRhWi+dnvZ6PVvkzFeo6jD6tBG3rIVYvZoipSjLxRT7pf1Hm4ya2ui1SzGceafc7Mfc6T+Uaa8l2eVRWtOUqb12btrzYj+PFpNRqR538QpZrHZprz3LdLEQltJPy5+x3UzUv8AjK7hy26dS0Z05U3wpaXild6rTTfUyhCcNIYi9vyTd+Wiu7s6zjf9itisuhO/Ev7t7nqrRDE14tKdNSTa+eL5PnbojpFChgpQldTbTesX7aeReGxKIJIAEpEFijDmVGcFoZAFRXr7rsBX3XYAWAAAAAAAAAAAAAAAAQ0VcXl1KqrTpxlty6eZbBmaxPI4OL+Hk7unOUG1ZKVpQX+26+5z8Tl2IppXg6mtpSpWVl+rhlJP0Vz1xFjly9Dhv9aHjnFrRpruYM9hVoRl4kmUa2Swe2jPnX7ZkrO8dhw6eIqQ8M5W89V7PYs083mvFTjLzi+F+zM6+UVI6q0vuUp0pR3TR5/N1eD8k06cM5pPxcUP/qLX11iWaWOpS8NSD7SicGJspU05Ruk9VyTPbH3SbTETVf7noQDbSpc2faj2pSp82WAgVAAAV6+67AV912AFgAAAAAAAAAAAAAAAAAAAAAAAAwnTT3SZmCTETyKFbKactlbsVFlEoyTTTV/U7QOa/R4bT5ePsaoUrbm0A6gAAAAAV6+67AV912AFgAAAAAAAAAAAAAAAAAAAAAAAAAAAAAAAAAAAABXr7rsBX3XYAf/Z";7804900000831;100AM09;FAR;DINAFLEX-DUO 500-400 MG 60 CAPS. (GLUCOSAMINA + CONDROITINA);TECNOFARMA;may-27;14141;;0;9
https://farmaciasgeminis.cl/wp-content/uploads/2024/10/Disfruta-Clasico-x-60-Sobres-e1733234685648.png;7800060407466;100271229A02;FAR;DISFRUTA CLASIC SAL SB (60);MAVER;oct-27;3594;;0;366
https://distribuidorabyf.cl/wp-content/uploads/2022/04/imagen_2025-06-04_144541548.png;7800063130033;100271329A02;FAR;DISFRUTA LIMON SAL SB (60);MAVER;oct-27;3594;;0;101
https://www.ecofarmacias.cl/wp-content/uploads/2022/07/escitalopram-10mg-x-30.jpg;7806130008885;100470718N06;FAR;ESCITALOPRAM 10MG 30COMP.(OPKO);OPKO;mar-26;774;;0;632
https://www.farmaciasahumada.cl/on/demandware.static/-/Sites-ahumada-master-catalog/default/dw1b56cb86/images/products/87296/87296.jpg;7800041040873;1002N06;FAR;ESCITALOPRAM 20 MG X 30 COMP. REC (SEVEN);SEVEN;sept-27;2861;;0;10
https://www.farmaciasahumada.cl/on/demandware.static/-/Sites-ahumada-master-catalog/default/dwf22ad1d2/images/products/1483/1483.jpg;7805633008927;100405418C03;FAR;ESPIRONOLACTONA 25 MGX20 COMP BE;ANDROMACO;ene-26;709;;0;658
https://www.ecofarmacias.cl/wp-content/uploads/2024/11/facimin.jpg;7800007672964;100081807R01;FAR;FACIMIN 0,05% SP NAS 10ML;MINTLAB;ene-27;3585;;0;95
https://static.salcobrandonline.cl/spree/products/27596/large_webp/431932.webp?1641479727;8903726193389;120BA02;FAR;FAMOTIDINA [BE] 20 MG 20 COMP.(CHILE);CHILE;ene-28;534;;0;20
https://www.ecofarmacias.cl/wp-content/uploads/2022/09/finagrip-10.jpg;7800018160009;100387718R01;FAR;FINAGRIP 10 COMP;INTERPHARMA (IPHSA);jul-27;1187;;0;25
https://encrypted-tbn0.gstatic.com/images?q=tbn:ANd9GcQVepkZ6_7bfgub9qcIzBuhbkf4Pq7gSdqzgQ&s;7800060009738;10018N06;FAR;FLUOXETINA 20MGX20 COMP (MINTLAB);MINTLAB;nov-26;332;;0;80
https://farmaciasdeldrsimicl.vtexassets.com/arquivos/ids/156721/CH7194-1.jpg?v=637964774517700000;7800018000374;100046823D04;FAR;FOILLE UNG 28GR;SYNTHON;dic-27;1749;;0;29
https://static.salcobrandonline.cl/spree/products/27438/large/32897.jpg?1641479740;7803504421820;852;FAR;GAMALATE B6 60 COMP. REC.;ANDROMACO;jul-26;20269;;0;1
https://farmacia.araucomed.com/7780-large_default/gaviscon-menta-solucion-oral-sachet-10ml-sachet-ca.jpg;7800060005723;100A02;FAR;GAVISCON SACHET MENTA 10 ML X12;RECKITT BENCKISER;abr-26;4645;;0;2
https://api.redfarma.cl/web/v1.5/Articulo/imagen_109-0095.jpg;7800018163642;100371629R02;FAR;GENIOL DÍA 30XSOBRES;MINTLAB;may-27;6835;;0;45
https://beta.cruzverde.cl/on/demandware.static/-/Sites-masterCatalog_Chile/default/dwa75724d1/images/large/268732-geniol-flu-jarabe-100-ml-pseudoef-30-mg-5ml.jpg;7804972000227;100270310R01;FAR;GENIOL FLU JBE 100 ML;MINTLAB;dic-26;1500;;0;980
https://beta.cruzverde.cl/on/demandware.static/-/Sites-masterCatalog_Chile/default/dw4f7ff203/images/large/67343-gutron-midodrina-5-mg-10-comprimidos.jpg;7800063000770;103C09;FAR;GUTRON 5 MG 10 COMP.;ANDROMACO;jul-26;12983;;0;32
https://www.farmaciasahumada.cl/on/demandware.static/-/Sites-ahumada-master-catalog/default/dwd9a0b1de/images/products/69105/69105.jpg;7804676070069;100123910R05;FAR;HIEDRIX 35MG-15ML JBE;CHILE;may-26;990;;0;1635
https://www.farmaciasahumada.cl/on/demandware.static/-/Sites-ahumada-master-catalog/default/dwf7b16719/images/products/62367/62367.jpg;7800028005536;200AM01;FAR;IBUPIRAC-LC 400 MG 20 CAPS. BDAS. ;CHEMO;dic-26;1561;;0;90
https://beta.cruzverde.cl/on/demandware.static/-/Sites-masterCatalog_Chile/default/dw1ba8360a/images/large/14009-mentholatum-inhalador-nasal-2-ml-mentol-11.jpg;7800063111445;100000123R01;FAR;INHALADOR MENTHOLATUM;HOFMANN;sept-26;2072;;0;43
https://biosphare.cl/wp-content/uploads/2022/01/Ketoprofeno-T.U-200-mg-X-10-comp.jpg;7804659070406;14;FAR;KETOPROFENO T.U 200MGX10 COMP.(MINTLAB);MINTLAB;ago-26;774;;0;1470
https://encrypted-tbn0.gstatic.com/images?q=tbn:ANd9GcQKoDYvhJcOu6sr9k0sA-QCNLQJruftgr34tw&s;7804659070390;10G051518N02;FAR;KITADOL 500MG X24 COMP;CHILE;nov-26;509;;0;1433
https://beta.cruzverde.cl/on/demandware.static/-/Sites-masterCatalog_Chile/default/dwc77df0c4/images/large/259835-lactafem-comprimido-recubierto-28-unidades-desogestrel-75-mcg.jpg;8470006862209;1300G03;FAR;LACTAFEM 75 MCG X 28 COMP RECUB;ANDROMACO OTC;mar-26;9199;;0;1
https://static.salcobrandonline.cl/spree/products/134402/large_webp/589927.webp?1738155460;7804620834303;102XS01;FAR;LAGRIMAS ARTIF.0.5% X 15ML SOL.OFT;OPKO;mar-26;752;;0;20
https://api.redfarma.cl/web/v1.5/Articulo/imagen_119-0306.jpg;7804659070437;119904218A07;FAR;LOPERAMIDA 2MGX6 COMP (mintlab);MINTLAB;nov-28;269;;0;1337
https://encrypted-tbn0.gstatic.com/images?q=tbn:ANd9GcQU7IoYDEqcu_Hc9T2zlFaTJtQ3ZkN1ngNIcQ&s;7803504001237;100372818C09;FAR;LOSARTAN 50 MGX30 COMP;ASCEND;jun-27;470;;0;139
https://www.ecofarmacias.cl/wp-content/uploads/2024/01/lotadin-1.jpg;7800038000859;1T0048910R06;FAR;LOTADIN 2,5MG-5ML JBE 120 ML;OPKO;mar-26;900;;0;3466
https://farmaciasdeldrsimicl.vtexassets.com/arquivos/ids/156065-1200-auto?v=637964772177230000&width=1200&height=auto&aspect=true;7800007771193;100162518R06;FAR;MAREAMIN 100MGX20 COMP;EUROFARMA;jul-26;2417;;0;36
https://www.farmaciasahumada.cl/on/demandware.static/-/Sites-ahumada-master-catalog/default/dweb03cf5a/images/products/92321/92321.jpg;780004031245;1010N05;FAR;MELATONINA  GOTAS 3MGX30 ML CIRCALIFE;ARAMA;jun-26;3847;;0;243
https://farmaciasdeldrsimicl.vtexassets.com/arquivos/ids/159405-2000-2000?v=638815395962100000&width=2000&height=2000&aspect=true;7800060147102;100410N05;FAR;MELATONINA 3MGX30 CAPS(CURESPRING);MDC;oct-26;909;;0;440
https://farmaciamapuche.cl/media/catalog/product/cache/2dd78821ae722ef41235b920cef28c31/m/e/melipas.jpg;7800007808264;100082218N05;FAR;MELIPASS 60 CAP;KNOP 1-021;abr-26;3399;;0;46
https://farmaciasdeldrsimicl.vtexassets.com/arquivos/ids/156387-1200-auto?v=637964773330500000&width=1200&height=auto&aspect=true;7804676070076;6;FAR;MENTHOLATUM 12 GR;MENTHOLATUM;jul-26;478;;0;1707
https://beta.cruzverde.cl/on/demandware.static/-/Sites-masterCatalog_Chile/default/dw6e1a8d81/images/large/268208-metoclopramida-10-mg-24-comprimidos.jpg;7804918500088;126820818A03;FAR;METOCLOPRAMIDA 10 MG 24COMP.(MINTLAB);MILAB;oct-28;435;;0;77
https://www.ecofarmacias.cl/wp-content/uploads/2019/07/189f58582f966bf26a6c43c8c14deb3ba3356fd0e00315993149faefff439337.jpg;7804620836406;1;FAR;MIGRANOL 10 COMP;BAGO;oct-26;987;;0;190
https://encrypted-tbn0.gstatic.com/images?q=tbn:ANd9GcTZKeOWEPCUE52cP7Ta7Tec6yilJKhU_UYP2g&s;7800007407627;2002R05;FAR;MUXOL 30 MG X 20 COMP.;SAVAL;ene-28;5269;;0;17
https://farmagran.cl/wp-content/uploads/2023/02/1006047.webp;7798027360025;13;FAR;NAPROXENO 550MGX10 COMP (MINTLAB);MILAB;nov-26;779;;0;1088
https://encrypted-tbn0.gstatic.com/images?q=tbn:ANd9GcSpKfni3wNB1HZsiQMbz5esCFxOeQmuaiEkiA&s;7800007794994;100098710R01;FAR;NASTIZOL COMPT JBE 100ML;BAGO;jun-26;5539;;0;354
https://beta.cruzverde.cl/on/demandware.static/-/Sites-masterCatalog_Chile/default/dwfa13b61a/images/large/268735-neohysticlar-jarabe-90-ml-desloratadina-25-mg-5ml.jpg;7730698014852;100223918R06;FAR;NEOHYSTICLAR JBE 2,5MG-5ML 90ML;MINTLAB;sept-26;2921;;0;511
https://farmaciasdeldrsimicl.vtexassets.com/arquivos/ids/158091/CH0162-1200X1200PX.jpg?v=638526726773500000;7804625950442;100D05;FAR;NEOMICINA 500MG;CHILE;ago-26;4329;;0;110
https://beta.cruzverde.cl/on/demandware.static/-/Sites-masterCatalog_Chile/default/dw8e93356e/images/large/199082-noscapina-5-mg5ml-jarabe-100-ml.jpg;780004031245;100GE5110R05;FAR;NOSCAPINA 5MG-5ML JBE 100ML;MINTLAB;nov-26;1016;;0;249
https://beta.cruzverde.cl/on/demandware.static/-/Sites-masterCatalog_Chile/default/dwf99fc770/images/large/253642-oxilin-oximetazolina-005-spray-nasal-15-ml.jpg;7800038046178;101016307R01;FAR;OXILIN 0,05% SOLN NASAL 15ML;PASTEUR;feb-26;4784;;0;191
https://beta.cruzverde.cl/on/demandware.static/-/Sites-masterCatalog_Chile/default/dwc9920577/images/large/199158-oxolamina-28-mg-5-ml-jbe-100-ml-be.jpg;7730698014852;119915810R05;FAR;OXOLAMINA 28 MG PED JBE  100ML;MINTLAB;nov-26;907;;0;495
https://beta.cruzverde.cl/on/demandware.static/-/Sites-masterCatalog_Chile/default/dw7e6bbeb9/images/large/199157-oxolamina-adulto-jarabe-100-ml-oxolamina-50-mg-5ml.jpg;7451079003462;100431510R05;FAR;OXOLAMINA 50 MG AD JBE  100ML;MINTLAB;nov-26;1072;;0;125
https://product-img.cofar.cl/products/AbF9FZH2hkxwiGTTe/images/0.jpg;7800044001444;177236618N02;FAR;PANADOL  ADVANCE 500MGX48 COMP;GSK  OTC;nov-26;1983;;0;66
https://www.farmaciabosques.com/wp-content/uploads/2023/12/7800018108537.jpeg;7804651935581;898;FAR;PANCRIT MENTA FRESCA X 10 COMP ;MAVER;mar-26;953;;0;225
https://www.ecofarmacias.cl/wp-content/uploads/2021/01/pancrit.jpg;0;899;FAR;PANCRIT MIEL-LIMON X 10 COMP ;MAVER;mar-26;999;;0;205
https://www.laboratoriochile.cl/wp-content/uploads/2019/03/Paracetamol_Infantil_125MG_6S_HD.jpg;7804918450024;10G012920N02;FAR;PARACETAMOL 125MG INFX6 SUP;CHILE;jul-26;534;;0;834
https://www.laboratoriochile.cl/wp-content/uploads/2015/11/Paracetamol_500MG_16C_BE_HD.jpg;737186233273;100516N02;FAR;PARACETAMOL 500MGX16 COMP BE.(LAB CHILE);CHILE;sept-27;181;;0;10300
https://static.salcobrandonline.cl/spree/products/73213/large_webp/430460.webp?1652474024;7800007124326;130AN02;FAR;PARACETAMOL+TRAMADOL 325+37,5 MG X 30 COMP.REC.;CHILE;dic-27;1954;;0;134
https://www.farmaciasahumada.cl/on/demandware.static/-/Sites-ahumada-master-catalog/default/dwff625ac7/images/products/88288/88288.jpg;7804640561210;904;FAR;PERFUNGOL PVO DERMICO X 80GR.;BAGO;mar-28;3989;;0;196
https://encrypted-tbn0.gstatic.com/images?q=tbn:ANd9GcQ4Cyic2vc1iESBxYSjn47gIPyWI8cFD42CtQ&s;7804620833498;1001AA03;FAR;PLAZOLIT 5MG-ML 15ML GOTAS;MINTLAB;abr-27;1389;;0;37
https://beta.cruzverde.cl/on/demandware.static/-/Sites-masterCatalog_Chile/default/dwa131b5f5/images/large/258961-plazolit-forte-propinoxato-10-mg-gotas-15-ml.jpg;7803504005709;1002AA03;FAR;PLAZOLIT FORTE 10MG-ML 15ML GOTAS;MINTLAB;mar-27;1414;;0;60
https://www.surfarma.cl/archivos/2023/08/41215.jpg;7800018000664;100457718N02;FAR;PREDUAL 10COMP;MAVER;nov-27;840;;0;70
"data:image/jpeg;base64,/9j/4AAQSkZJRgABAQAAAQABAAD/2wCEAAkGBxISEhUSEhMTFhUWFRUVFxcVFRcXFxUYFRYWGBUWFRUYHSggGBolHhcVIzEhJSkrLi4uFx8zODMuNygtLisBCgoKDg0OGxAQGi0gICUtLSsuLS03LS0tLS8tLS8tKy0tLS4tLS4uLy8uLy8tLSstNS0tLS0tNS0tLS0tLS0tLf/AABEIAOEA4QMBIgACEQEDEQH/xAAcAAEAAgMBAQEAAAAAAAAAAAAABAYCAwUBBwj/xABOEAACAQIDAwcFCgoJBAMAAAABAgADEQQSIQUTMQYiQVFhcZEjMlKBoQcUQnJzk6KywdEWM1NiY4KSsdLhFSRDVJSzwsPwhNPi8SU0RP/EABoBAQADAQEBAAAAAAAAAAAAAAACAwQBBQb/xAA0EQACAQIDBQUHAwUAAAAAAAAAAQIDEQQSIQUTMVGRIjJBYXEUFUKBobHRUsHhIzNDU2L/2gAMAwEAAhEDEQA/APuMREAREQBERAEREAREQBERAEREAREQBERAEREAREQBERAEREAREQBERAEREAREQBERAEREAREQBERAEREAREQBERAEREAREQBERAEREAREQBERAEREAREQBERAEREAREQBERAEREAREQBERAEREAREQBERAEREAREQBERAKLtbbO5Y5nqaswAVtdCegkaSEOVaelX/AOfrTlcrHvXI6r+1ifunGtIZbn0OE2dRnSjKfFlwHKxOuv4j+KeHlcv6fxH8Up95iWjd+ZrWy8PyLgeV6/pvEfxTFuV/UK3ra37iZUc08zzuREvdtDkW38MD1VPnJ4eWB6qnzkqZaeFpLKiieBorwLb+GP5tX5yefhl2VfnJUS0xLSWRGeWDpci3nln+bV+cnn4afm1fnJTy0wZpLdozyw1NeBc/w27Knzn8pl+GY/P+cb+GUctMS87uolLw8C9HlmOt/wBt/wCGYPy1H6T9tvulHzzzNJbmJW6MS7fht2VfnDMDy2PVV+clLzQXk9zEg6US5Hlqeqr84ZieWrdVX50ynZp5mndzAhkRcTy2bqq/OmY/hs3VV+dMp2aeF53cw5HMiLj+G7ejV+dP3R+G7dVX50ymF54XjcQ5DIi6jlueqt85PTy2+X/b/wDKUnNPC057PA7lRfcByr3zimrVwSCdW00F+hpZuT2Jc4hQXcizaFiR5p6CZ8n2DWtiaR/Ot+0Cv2z6hyZb+sp3N9UzLWgoTSRGSsXmIicKj45t6pfE1fjsPA2+yQJu2i161U/pan1zNU4faUY5acV5IwImDCbTNbzqL0zUZiZsmBEkSPF106ZtalMKHner7ZKRCTYAk2J06gLn2AzlzFVlxIu77vb98xakeseB++SzSbm8086+XTzrGxt16zKjhmawCklr5bDzraG3XrOpmOUlzOa6m+lvA/fNZB7PA/xScuFZhdVJF7AjgTxsOs9gmHvKobHI2ozDTiOObu7ZNMzykuZDca9AHQLHT15p6ii+tiOrUe283e9KnoNwJ4G1lOViT0AHQnrnnvSpqcjaEjgejU267DU9Qk7lLa5mtaQ6x4H+KGpr/wCvtvFOk7KWVWIXiwGg0JFz3A+E2vhaiXzqy5bXuCLE3AB6uB49U6mVtkZ0Udc1m03Ph6li2RgoAYkiwAYFlNz1gEjrAmHvWpnKZGzhgpWxuGOgFuuWJlbNV5iWnr02FrqRdN4O1LE5h2WB17IxGHdBdlYa2NxwJFwreiba2OsmmQZrzTBzMSZ5VOvqX6okhYFp5mmstPC06Dbmnhea808LQCTgamWrTbqdD4MDPrXJU/1pO5/qmfGs9tZ9i5JNfFIesOfomYsX3oshNaH0GIiUmc+JY/8AHVflKn1zIxebdoN5ar8rU+uZoWLH2sO6jPU9J9n3TMUL/Cb2fdCrJ+BwYdXdnyKgW5ylvONgLAidI1asYRzSdkc9sP2n2fdMTR04t9H7p1xh6H95HzNSYthsOeGI8aLgeIJjLLkzG9o4b9f3OPTp2N7km1tbfYJ0tm40UmDZSbnn9eTpVNRqbnjpoOszDGYBkAa6sh0Docyk9V+g9hsZHAkGdqOFWGjumSqWOGTdsGyhAKZGXMjlctRrXsQczG1+Kp2zbR2kObdWVkFZUyWIValNVS+ZxcqVJ0tf1mc8ieCLGKVCPmSMYUy0wyOd3SqIq2XKSxdkZiHuurLcC+iCenaKCqXysaeRKRpmlS51NVRShYPf4AIN+aeibKqZ0vOUwk0VSpIkV8arUt1lYKEoAWCk3pb1nFiwBUvVYjX4I06sKWPVXo1MjZqNPKq2XIWDuysWzXAJYEgA3tx10kYXZpdSROdicOVNiJJJFW7SNmArqFpUipYLW3tTmobhVRVVM3A2FTXTz+Mzr7TyiqpTMaudmDLTQGpnSpSLCmTcBhUvrchuOukzAbOApb1qlNLsVG8LC5AB6FOmvsnO2js4qhq76i4zhLUyzG7Bm4lQOCmTSTZW93mtfU9x210qE3WpY11qNmSk11SlSoqAS3MbKtQ3A+Ha41msbbJCu6sa6h7uCLOwo1adAtc/BNU3PVTTiZAp0GY6CdbBbAZtW0k2opanHBEfDbUsqqKZbdNRFG/waVNqZam3YwpDrsXboMyGFOSooDAVaoqu9TKDZS7BVCsbsWcksbcOGs7wwlKiL2Erm1se1Q2GizkXmehHIjn4plBsszwJwxNq9N/jo7DuuoP7vCRHqATbs7D76qlJSAzmwJ4DpJNuwGW1qanCzbXmnZkywVNh4IoHpq9S+gy1HtwucxF8oA1Ol9OBJAO2hyawjqGyuOFwajXU9INjxE52FwKo10xuHF+aQN7zr6ZSpp2buM6r2pPqVVw+XMpsrlTzxqbprm0N187gWuPnMVhsXSXYqyfnd3+f5R2E6cnpZmFHkxhHFwlWxFxd3FweB4+zjOXyi2AlBBUpFstwrKxva/Ag8ey3bO0jFnsSKVSwUWsbnXTXoGll7QdM1j7yrF8M/YUP0hMeGxeIhiqadRtN2s9eJZli09ChEz7ByEqZqtE9dO/jTnx0z6z7m73fD/JEeCEfZPqMV8PqZqi0PqEREpMx8L2h+Oq/K1PrtMaQmzGt5arofxlTq9M9s9pJOn2cX2V6HonSqnJhAOmrVJ71pj+IyBu5K5QHKaVH8nSUH4z85v3idp6zR5W1qlqOXmzHZVvKVCARTpkgMLqXayICDx1a/qkjFIHw4qlERxV3Z3a5VYFCwOXgCCOia8DTYUBlVmNSrwAJutJez85/oyRtuuFRKAtmBL1LG9mIsFv1gXv3ybk3U0PGVKKw+Z8XwNGxmuXpHzXpubdTIpdW7xl9pkerhyJO5PYUsxY3APklPSWqaG3chY+HXJCVcPn3YFcnPkH4uxObKP8AlpCos0tC/B4iNKDU2cJ1msid3HNhVcoivVN8tw4UXvaymxzHt4TDaGyqVFjvKjBfgqADUYdJ6Aq3uMx424SGV8jT7ZSd9eBEwDXBEg42lZp1qYUJvVwtYoATnNUXyjiwXJqO0aTWopYjnUSTltmVgAy9AOmjL2iSytK5XHF05uyZO2YmVBNtTALU1IkDau2aOEsr3epa+7UgWB4Go3wb9WpkXBcsSV3lTB1ko/lUzOo1tc3QAjuMKlUazJGapioRla5F5aVhTWhRHQtSoR8Zgqn6BmOzsHvKFFTwY1azethST2U2P604vLbaK1cSzIwZEp01VhqCMue49bNLVtDG0cCtBHSozGkEOVl03VlOhHSxYzXKMlShFLV6nnQqrfyqSeiJWFwKJwE316mUXkTC7eovRNbIyAOUGcgliFBY6dAzL4zk7b2rR3dI1N/5VWfyTotgHKrcMp42mVU5yllaN7rwybxvQhba2wtyAbytV8UWncbZVCt73WhvEau9bnVXD2Sit2ayKOJvb4vGaqWFw4XNSwuLxK/lDmpUz2qKak27zNtNKOiQliKcYqV+JwS87HJF7YjeHhSpVqp/VpsP9QmtamCq8003w5PCoKhqoD+kRxfL2gzZgcO2Hp4/eCzJSWh1i9aoAbHpFlv3GTqcLPQisRCcG4vgReTiB8TRVuAcO3xaYNRvYpkRcazsXPF2Zzfrckn983bDay4mp6GGdQepqxWkv1mkFVkqms35FGz4ZYN8yybN2zlG7q3ambC9gWSxuLXBzLf4J/lO5jqbe9KgLKy5VysOkXGun8z0k62FHRtJ0tnbXNOnUotqjKSvTlbiP1T09uvXPCxmzrzjUpLVNNr58V5/c9SL5nLafVPcse5odi1R4Z58pd9b2E+o+5I1zT7DVH0SftnoYnur1KZ90+txESgyHwzGG1ar8rU+u09QzDGjy1X5Wp9doQQz7KPdXoT9mUt5Wpp1sL9w1PsBkTaWJ3tapU9J2I7r2X2ATo7KbItar6FJgPj1OYv7zOZgaGeolP0mVfUSAZKm7XZ4G1Z5qiivA6gTdqKbYx6fNVjTCVbLnGa1006ZpRMMvwqtY9Srul9bMS3gIxtXPUd/SZiO6/N9lpilIngJDeMlDZqaTbO1sqvqarZQKVN2RF0VAB0DpJNtTqTODgEZ3ADZTqSx+CACWb1C5k6telhajHQ1XSmO5bu37gJE5PXYVW68lIfrks/0af0pZCTUXIwYmnFVMkfA6ezqFAHebuuFpDe52ZbNksbFMul++cCpjN9XBquBncZ2JsFW+tieAA4eqW7bFzhayrx3TED4ouR4CfPOTrCpiFVlVyUq5VcXVnFJygI6dQJOi8ycmZqsMrSLcmIwy1GxL4mgXs4CrVUgJlKrTUDiALC3XKdye2qcPWFTiFp1Lj0vJkqp73CS0DZVYj/6+A/w4++Qtv7Langqz1KOGVgaWRqNIIcpqAPc3P5snSnBXjxvoV1Iyk1LhYrGzKZxOJXesTmZqlVukqoL1O64Ugd4n0DY+zXZ1rVHbn3U0rndLSYFRSCcMqi3R0XlL5DKGr1B07hrdxqUg30SZfdvY8YfC1at7EIVTtdxlQeJv3AxiZyzqCO0ILK5M+WbDoCriKNPoaqgPxcwLfRBnb5f4zNigvoUkBHUz3qN9ceEie5/hg+MX8ynUbxG7HtqCQtt1TiMbVt/aVyi92bdqfACar3rei+5lcf6dubO3V2VVqUsPTS9koh2+PXJqHwU0x6pA5XsErJRv+Iw9Gke8JmJ+lPoOGZVNRzZUVnJJ0C06egJ7lUT5RjcQcViWbW9etYdYDvZR6gQPVKcNNym5Pgv3NOJ/sxpouWC2dWDUHpZQaOGRSHAKg1lapVLXIH9qR6pzsVTIqb2rtVVYG4FOqzBLcAtKmMoH5vCPdJx53wwym1MKKjAfDZvNLdYVQoEcm2NKrg6NJUDVUFerVKhnKF6nMDEHIgWnra1yZCzy534k1N3yRXA4XKLG06uIrVKP4t2LLpa9xqbdFzc+uWHlp5PDuOmriKSntGHw6K305XMI3vrHKeIrYnMb+i1TMfo3k7lzi83vdbk3p1MQf8AqarOB6gAJfPWcI8iimrRm+ZG2bT/AKnWP5SvRp+qmr1D7SkhOlumSMSxXB4VR8N8TVPqZKSn6DTnFp1a3fn/AAejhlamiQrz3NI4abVaGXmV59P9xt7sB1VKn+Upny8mfSvcXbyrD89j407fZM2I7vzRyfdZ9niImYxnwzGuBWq/K1PrtPUqCQdoVPL1flav12nlOvOM+0jDsr0LQMK74UBAvlKl2u6rzUBA84i/Ov4TVszZtSk5qtlsiOwIqI3OyEKOaSeJHhOEaoMxRwNbC8JtKx5NfZs51XO5acOlMAXtJqYukvVKia56zNisTINGqWG01Z2eV2Gq1d0qBQoUtdqiJzn6LMw6APGQNmE4VEWpbMz1KhCsGFgERNVJHpzkY3DIfPIkJcRSpeYsuS7NjBHZrz5m7ovA2vfVbXGovw7j2Sn43YwNXeYKqiMDmFF3FOpTYG/ky2jr1a6cJCqbWc6A2nW2Xs3eC9Vc3YfZOZ40IucnZEcXgYqN/EmNtTawWzphaQtrVqNSW3b+MK3/AFbdklbKs1CpTqOcQHzmvUGYZy4C+SJseYFWxAA00tNNPYFBTcUk9v3TqYdigsqoB2XmOW08JbsyXRnmrD1PEpNHYGKo1d5g6tOplJyslSmrAEcKlKoRY24g3EmbTwNfE0mfE4vDbxWC06W+prTpHml2croWy3FtfO49A7eO2VTqm7pTJ7pnQ2fTVcoRLd0n74w3HPr6Ffsk+FjjcjcBuGqOK2GqMd0qijWDmwfO+YWBA5qicza/JeoazvhWR1Llwu8VKtMk3syuRwPAg62lxw2EVDdAinhoP36z3FbNSrq6oT8X+c4ts4dTcs/0YeElltYr+HoYiud3j8bRyKM5oLUpAuVNwtZ6YAAJtxJJ1I6xydibFWniaVR8Vg2CVFcqlU5iU5wCgqAdQNLy64fZNNPNVB+r/Oajs+mCbZLjU83Ud+ukLbGG1Sl9H+B7LLS6Krt3AjEikTUp0sQlNaZFZsiVlXzClQ6Bxcgg8Zqw++w9PdYnFUadEAjJTelUxDoTdqVIqCyqxvqWAF5adobNSotnKW7vD4XYfCV1uRtIm6VlFzbRAdbXt5/VrOx2thXGznp6P8FjwrcrnOoYFKddcRhcXgsivnQV6wpsoN+ZUptztAbXHHjPdv4WlXrtUOOwSjLTVVVqhVQiKthlQgC4Y2ueMk1eRqX1xKggX1pgG3XrU4aHXsipyMprq2IAHaigHS+hL9QPhJ+9cLe+d9H+B7G+Bz9qJTO5ppVpuKWHRC1M3UuXdnse9pAOGHpCd6ryUppp741NrDKovfhYZpGfYdMf2xOpXgOIvcceIsdOwy2G1MNayk+jNEYOKscn3sesT0Yczof0bTBsKpJIuBddQb2t4HwmLYED4Tez7ppjiqc+BOxCNIz6F7ipPvqoOxT9Gtf7JRGpW6T7Pul59xk/11xrql/AP98VWnDp9yFRdln2+IiZjEfnfaTeXrfLVf8AMaaQ8z2mfL1vlqv+Y0jhpG595BdlehJVjNisOkyHnmJaMyJZTpjGAcJqrbRbhOfmmDtFyLpoyr1yZFczJjOhsjZ28a580SaZTUairkzk3sY1GDtwEsmEcBnp9IN7dakAA+wj/wByJi9r08OmVbXtwlM2ptNqrZrkEcCpII7iNRM2KwzxVNwbseROFSrLN4Fzx2Ed3qECxZaaI5I5mVmZ3A4hudppqVGokZsGSLGwqmq9Wx3ZBBdtGXiyZKlj0ggWlKGMrfl6/wA9U++a9orVSrfe1GcZbsHfTMosM5sRox42GjTLDY9WMVea6Pw059TyK+JjTqum1qv31LmcNUfOoNnVsQ9iVsr1VZaLCwuVyOdT6PdJ39HsreTIVW5rjXTdjyDoOAIyoCOru1oLGob1BXqEIoLNvHJsxAyrztTmI7NCZJp4bEPYrUqEG1iaxF8xXJe7aXzpYds7LZc/9sV6r5/yij2xfobLzTwrZaK2CimQWIIJOWmw0JGt2N7nXp4z3D4aoBSJtdGzEC+pfNvTf9c20+D0XlF95Yg8Hc3sR5biDk187h5RNe3vhdn1my2qE3txq6EsUAtztR5Snr+dKvdVv88enr5+ZL2z/hn0ZEYVC+ZyCoGT4IIPnDt/53c+rhKjKKdrWp1Bn6HZ1Km/SL3LHQ626pSf6Nq2JLsLUw4u/wAQsTrooBbXjzDpNFTA1VKqb3bNbnG3N1Yk8NBr129U5S2Ur6Vo9OS9eRJ4rTuM+ivh2LoxAAVr2uToEdVHDrdj4SEuzntSuRmpkHpsS196b2vqGa385UaWyWOXMTrdmAOoSxKsL8b5W7eGnG2sbJY8cvSPO4lS4YA26DTbXhw6xOR2bHhvl09fP1JPEP8AQy4YvAuxq+b5QIouW81bZlYWtrepr2ibsRTYujjLzQ5sSfOYAAg21ABbq4ykjYvRzPHtQdI63UW7ZqOyUys3N0bKQTzuGpC24SyOyou1qydvLnpzIvGNcYMs/wDRu7Q0w4Ktu7kmzAU1RSoHCxyX46ZjIRo5SpzJmXedOhNRgxbvuPaZy6nJkZiqakMF14AMTlJ06hr8ZZEw+xWZc11Uc43N+CecdB3m3Upk4YOHF1vp5evItVVv4fqdBKKIQd4psLakdQF+Ohvn9TWnlaunpL4iQsXsvdU8zcTkyjha5qXuOnRB4znGelQoRkrqV/A7vHHSx0qtZfSHjLn7jVUf0hYEa0X9lvvnzgy8e4s3/wAoo66Fb/RNM4WiyMql00foSIiZTMfnHah8vW+Wq/5jTWcO+oKPoMx5jaL6R00Xt4TobW2ZXFeqQEXy1Q3eogAG8Y3tck91p2dt7Z39UPXxGDBUKF8sg3Zpl8lYBW8p55Jp8ejUedVofYSx9OGVRaempVUpMRcKxHC4UkaC51HZr3Q9BxxRxw4qwtfhe4m3A40JRbLjsIgufJ5iS3MAJ1XNwyjTjr1GT8Xi+I/pLAkaNbMoFwCy2VbgG+QE9uvmkQSltGmnxVvn+DljDv6D/st0Wv0do8RNNSmw1KsBe1yCNerv7J12x6lyDtLB3UqA5sL2RmBZumxYi/OF2a5B0mmo1Blsdo4Mguz21ADc4dJ00GnRzja/T0j7ypfFJfX8HMRBxMkVNqFRlTSRcfWoo2X33hWFhqrVCNQL+ahGhuOPRIT4uh/eaHqFc/7UszpEJ4zDy+IyrVCxuTNLT04zD/3ml6krf9uazjsN+XHqpOfrESSmiiWMo8zK8lMKlZXXMLMczXA1Omt7dndOe20cP0Vah7qC/bWEkYXbFJLgb83/AEKD/eMuVdWs1f5Hk4ilhKs87bT8rkWnjGV3BOrHXQANw+CdLaC3dJGBxz3CK5XUWue4g9PUvgOyRMbiFb8XTqA9JYC5HULcJnQrqLFqVXN05SLHxE5vo8l0MTw9HNxZ1toVqyBVL6BcvMJ1GvG4HQQO5R1SAuNqaWd9LW1Olstrfsr+yJtqYxX85MSO5Eb97CazboXFf4ZT/vTsa1NfCuhN4ehzfVm+lWquLbxuuxY68R9p8TI9WpUB1Zrgkg3N7t5xv2zOmpB099D/AKP7q0kPQZ+mv/gqn2VDOqvTXgug9no+fUhnEVCLZ3sb/CPTe/728T1zJMXVBDZmJBvqSQeHHXsHhJS7Kc/Cq+vB1h9s2rsKqfht68NUH+qN9R8Uug3MPC5zqmLqk3zN0cGPQAt+OpsBrxMU6zTrJyZrH+1A76LfxTNeStb8ofm1+2pCxFKKsg6MHxRqwdZW852Hq/nJlXY6Ot0qX6bECa15JVemq4/Up/8Acm+nyVYf/qdf1aY+0yEsRDwOqlBcEV7FYFkNiJGNOWuryeT4eNb17oSI+xMGPOx63+VoD2Xklio8mT7PIr269n/Ptl09xxbbUp/J1h9G/wBk5Q2dgVvbHJqLG9SiekH7BLT7l2Ewy7RpmlikqNkq2QFSfMNzoeicdeMk0Rk1Y+4xESgzmBpL1DwE83K+ivgJsiAa9yvor4CNyvor4CbIgGvcr6K+Ajcr6K+AmyIBr3K+ivgI3K+ivgJsiAa9yvor4CNyvor4CbIgGG5X0V8BG6X0R4CZxAMN0vUPAT3dr1DwmUQDHdjqHhG7HUPCZRAMd2OoeEbsdQ8JlEAx3Y6h4Rux1DwmUQDHdjqHhG7HUPCZRAMDSX0R4CY+909FfATbEA1+909FfARuE9FfATZEA17hPRXwE9Wko1CgdwEziAIiIAiIgCIiAIiIAiIgCIiAIiIAiIgCIiAIiIAiIgCIiAIiIAiIgCIiAIiIAiIgCIiAIiIAiIgCIiAIiIAiIgCIiAIiIAiIgCIiAIiIAiIgCIiAIiIAiIgCIiAIiIAiIgCIiAIiIAiIgCIiAIiIAiIgCIiAIiIAiIgCIiAIiIB//9k=";7800007804600;11G027518N02;FAR;PREDUAL 125 COMP (25X5);MAVER;oct-27;7423;;0;135
https://imagenes.fc.farmaloop.cl/productos/15440-150.webp;7800028003730;160000001N03;FAR;PREGABALINA 75MG X30 CAP;ASCEND LABORATORIES SPA;nov-26;2117;;0;332
https://milab.cl/wp-content/uploads/2022/07/PYRIPED-400-mg-Capsulas-Blandas-scaled-1.jpg;7800063130507;100235618M01;FAR;PYRIPED 400MG 20 CAP.;MINTLAB;feb-26;1609;;0;112
https://www.farmaciasahumada.cl/on/demandware.static/-/Sites-ahumada-master-catalog/default/dw9200ee10/images/products/87716/87716.jpg;7800028210350;100336518N05;FAR;QUETIAPINA 25MGX30 COMP.(sevenpharma);HETERO;abr-27;1110;;0;87
https://www.ecofarmacias.cl/wp-content/uploads/2020/05/repelex-15.jpg;8903726208847;100BP03;FAR;REPELEX NF SPRAY 165 ML;SANITAS;ago-27;2443;;0;173
https://cdnx.jumpseller.com/farmallano/image/23577730/resize/540/675?1675198411;3662042004469;251;FAR;SERTRALINA 100 MG X 30 COMP (MINTLAB);MILAB;jun-26;1502;;0;72
https://s3.us-east-2.amazonaws.com/basestack-publicbucketa6745c15-1ul2knuv6sta7/images/02e0b398-18eb-474e-a5d0-16411897cb86/large.jpeg?u=1722007634801;7861073971177;100294618N06;FAR;SERTRALINA 50MGX30 COMP BE (MINTLAB);MILAB;may-27;601;;0;25
https://unimarc.vtexassets.com/arquivos/ids/234080/000000000661106001-UN-01.jpg?v=638225196651300000;7801000120445;154035210A07;FAR;SUEROX ARANDANO POMELO 630ML;GENOMMA;ago-26;1837;;0;452
https://static.salcobrandonline.cl/spree/products/99020/large/574757.jpg?1695742735;7730698014869;154429210A07;FAR;SUEROX FRUTILLA-KIWI 630ML;GENOMMA;jul-26;1837;;0;490
https://static.salcobrandonline.cl/spree/products/99032/large_webp/581222.webp?1695742865;7809591402582;154034910A07;FAR;SUEROX LIMON DE PICA 630ML;GENOMMA;ago-26;1837;;0;560
https://static.salcobrandonline.cl/spree/products/99072/large_webp/585343.webp?1695743423;7800060147102;155164510A07;FAR;SUEROX MANGO-DURAZNO 630ML;GENOMMA;dic-26;1837;;0;430
https://jumbocl.vtexassets.com/arquivos/ids/314818/Suerox-Manzana-630-ml.jpg?v=638776402792600000;7804614932015;154035510A07;FAR;SUEROX MANZANA 630ML;GENOMMA;jul-26;1837;;0;532
https://www.farmaciasahumada.cl/on/demandware.static/-/Sites-ahumada-master-catalog/default/dwb78240c4/images/products/87943/87943.jpg;7804673040003;154035310A07;FAR;SUEROX NARANJA 630ML;GENOMMA;sept-26;1837;;0;554
https://static.salcobrandonline.cl/spree/products/99044/large_webp/582083.webp?1695743029;7804671180664;154035010A07;FAR;SUEROX PIÑA 630ML;GENOMMA;may-26;1837;;0;534
https://santaisabel.vtexassets.com/arquivos/ids/470767/Suerox-Frutos-Rojos-630-cc.jpg?v=638696556792500000;7800060015661;111111;FAR;SUEROX SABOR FRUTOS ROJOS X 630 ML X12UNID.;GENOMMA;jul-26;1837;;0;380
"data:image/jpeg;base64,/9j/4AAQSkZJRgABAQAAAQABAAD/2wCEAAkGBxISEhASERMVFhUWFRUVFRYVFxUXGBcXFRUYFhUZFhkZHSgiGRolGxoVIjEhJSkrLjouFx8zODMtNyguLisBCgoKDg0OGhAQGi4mICUtNy4vLTU2NCstNi0tLS0rLS8vKzUtNi4tLS0tLS8tLS0tLS03LS41LSs1Ly0tKy0tLf/AABEIAOEA4QMBIgACEQEDEQH/xAAcAAEAAgMBAQEAAAAAAAAAAAAAAwQBAgUGBwj/xABBEAABAgMEBwQHBQcFAQAAAAABAAIDBBESITHwBSJBUWFxkRMyM4EGB3OhscHRNEJScrIUkqKzwuHxFiNigoMV/8QAGgEBAQADAQEAAAAAAAAAAAAAAAECAwUEBv/EAC0RAQEAAgEDAQUHBQAAAAAAAAABAhEDBCExEjKBkdHwBRMiM1FhcTRBQqGx/9oADAMBAAIRAxEAPwD7iiIgIiICIiAiIgIiICIiAiIgIiICIiAiIgIiICIiAiIgIiICIiAiIgIiICIiAiIgIiICIiAiIgIiICIiAiLlz/pDKwa9pHYCMWg2nfutqVljjcrqRjlnjjN5XTqIqujtIwo7bcF7Xt4G8cHDFp4FWlLLLqrMplNwREUUREQEREBERAREQEREBERAREQEREBEWrngYkINkUDppuypVaNpCmJa3dU3nkNqDoKppHScGA21GiNYML9p3AC8lcOe9JoLO8+vKl11bxj7lSGl4karWSrnsNxttoxw/M6g8iFtx4re9nb4NOfNjJqXv8f9RtP+sWWZUQmRIh2GlhvV1/8ACvOz/rEmn1EJsOEN9Lbh5uu/hVvTPoSHC3LajsTCcaiu5rtnI3cQvEzUq+E4siNLXDEOFP8AI4rq9Nw9NlPwzd/f604PWdR1vHdZ3U/bx8fKzPaZmI1e1jRHA7C4hv7ou9yoLNEouhMZJqRyMs7ld5XaeSnIkFwfCe5jhtaaeR3jgV7rQXrEwZNt/wDVg/Uz5t6L58hWvl6fj5Z+KN/T9Xy8F/Bfd/Z+gobw4BwvBAIPA3hbKto3wYPs2fpCsr5qzVfZy7giIooiIgIiICIiAiLDnAYoMooXTLRx5KCNPgY0HFxQXVhzgMSuXMzwaCXvDQAXGpDaNaKuJ4AbVqyK13dcDcDcQbjeDdvV0Og6aaOKidNnYFWRESOjOOJUa3bDJ2LcQN5QU5uBbaRac07C006jAjgVyWejEMk9q+I+uLa2Wfui/wB69IIQW1FljyZY+GGXHjld5fXuc2T0VCh+HCa076a37xvVzs1KVgrG23yzmMnaRpZC+fesvxoHsz+or6GvnnrL8aB7M/qK9n2f+fHO+1f6bL3f9eNREK775NhCiwUV980b4MH2bP0hWVW0b4MH2bP0hWV8pl5r7vHxBERRkIiICIiAo5iJZa524KRV5/w38kFb9qLhUHpcuXO6UDIghkG06lk2IjgQbsQA21auoHGgIJoCswopafkurBgFwBwBvViOJDmIsS9rH2avabZEEBzHlhIaAXkYkX0IGOFcQ9FxCD2kRra1DuxbZcWk1p2p1gbyLTaHaKG9ejbKDaSUiPhspUtaThUipO4bScFfV+hpyf8A5ENzmPdDD3tDaRHAWjYNWlxAAJBqRdcSaUV6DI2QAA1o3NFB0Fyhdpprq9kx8Qj8LXUruqRTzw+VuUixHBxiMsX6otVqKYm4Uv2US7GRLjmpA0DAKOYm4cMww97Wl7gxgJoXPIJst3mgJ8iuJ6UelMOTfAhUa6LGtmGIkVkGGAylS+I+5t5AAAJJ2JMbbqG9O8VgrzcDTsd89LypbDY2JIvmXWT2hbEERrAGvuDmUNe6Kr0EvDLWta5xcQKFxpUneaJcdeVblYKLBWIwVgrK1KAvnnrL8aB7M/qK+hryXpnpPRcKJCbpAkPLCWUbHOraNfCG/evT0nJ6OWZat/h5Ou4MubhuGNnvfN0AqQBicAvTf6o9H2XtBfw7KYP8ygVSY9bEpBBElJGu9/ZwRz1LRPnRda9Zb7OF9/ZxMfsi/wCecn8d/kaN9FJqNQ2Ozb+KJq9G949Fe0hNaM0UCYzv2iZF4hNoSDsq2tmHzca7gvA6d9YmkJmre17Fh+5ABZdxfUvPWnBeSdgfNa8vveT27qfpPm9vD0vBw3eM3f1vyfr6QjW4UJ9KWmNdTGlpoNKqdU9DfZ5f2UP9AVxcWuyIiKAiIgIiICrz/hv5Kwq8/wCG/kg8jpQXwTWlHuI5tgxHCmsK4G41FK4XOHr5Lw2flC8hpatIdDTWfW+4jsYtxG360OxevkvDZyCyvhI5021rSGRpuwYjzYbabDcbRaGtYCb6UI21tHbQqV0hLQT2rrLbIJLnuuuFoucXGlQGk2uZ3r57Gl4zNKPdKuZNOizbO2ZGk32oENpFoiZcLLWMA1aHGlATWtzRXo++ZjaVY6MYkKEJmTlHxKvLHzbA+ZqSausEsYDWtA4Lb93JPLHb00f0zkWMjubGDxBhsiOEME2mxHWIfZGga+0/VFk0qaGi81M+l0xBi6RMUdnSPIQGCKWuhyomGa8SIWEAtFbR1saCtF3/APRksWgTB7Rpk5eSe06jC2C+0xwprNdbIpR11BtVyShSstaEGGaxC0RH6znPslsNrnxIhtRaWgAauJrdW9SXCeJv6i93moD5ubdJxHARYcHSbnQ4zG2A+WbLxGiLStC224tDhcaAi689z0t0A+cENoErZAeCZiX7dzS6mtB122HXba7Nytvnpguo2BdeC4EOwiOaaWrIrRpO7WbwB1/YZh5huiRqUJLmNaLJF1G3UqLjjXFS5Xcs7aHIieh0hBbL9q94ECAJdpMZ8K0wWorrXZlpeTZc4tw1cLl25GZgM7OXhAMaGgQwBZbZbqgMrjgaflJwvSX0JBZQhtSABebtVpaNUXbXnDF7jtV2FBaythrW1NTZAFScSaYniscst+asjnwpqO8PIhBpwZbrQ61LRNxoRU0oCKba3TyPa0f21mtrVs4WaDAYi+pvJN6trUrHasLCysKAvi/r2+0ynsXfzCvs5Xxf17faZT2Lv5hXp6T82NXN7FfM1hZWF1ngFh2BWVh2BQj9c6G+zy/sof6Arip6G+zy/sof6Ari4N8uoIiKAiIgIiICrz/hv5Kwq8/4b+SDyWlnPDW2NriHatdXs3m/drWb79my8eukvDZyC8+vQSXhs/KFajmRdMPcSyBCcT/vi05poHQaAAioueS4A1+6tBIzJua8QWh5JstaAb3VLA3AGoJtEmtbht6/7Sy0G2m1OAqL9t3lU+RXObptrgTDhxH3AiyGuBDrNDquNLnA0N9LyAr/AAMM0G02u0e5wcGh7BUMNmtnElwvJJ1rzU7VdhScNtLLRd3SbyLqapN4FLqBTwyS0EihoKjcaXoVLaumFgrJWpUBalZKwUGFqVkqppDSEKA0OjPDATQE1vPAC8qyW3UTLKYzdqyVhK1vRRWCvi/r1+0ynsXfzCvtBXxf16/aZT2Lv5hXp6T82NXN7FfMysLKwus8AsOwKyr2i9CzM0bMvBiRCbqtabPm46o8ypbJ3qyW3s/VWhvs8v7KH+gK4q2jIRZBgtcKObDY0i64hoBFysrhXy6YiIoCIiAiIgKvP+G/krCrz/hv5IOAvQSXhs5BefXoJLw2cgqI2aOhB1sMFq059b+87E81YApgtisIBWqyVqoBWpWSsIMFaqGenoUFtuNEZDb+KI9rBdxcQuDpH02lIbXmG4x3tu7OFQuc625hYLRGsCx5puaSK1Fcpjb4ibejK8Z6y5Sciw5dsjAZFiW31LwwiGLIo7XcG40uNRdgp42l9IxnPErLNZD1uzixrg6zEYASC4OaHMLz3TSm3bNovQ092sGLMzlrs7dYcNpDIge6IdcXNua6EBqkgwrjrGuzDfHfVuMcpM5qx0pzTcvBBESK201tSxuvEprC6Gyrje1wwxBC4sT00D3lkpBfGPZuiNeSQx4a6KwFlhr3OBfCcK0GIIqr8p6OycKIHiGHRQ9zw41e9rnRIsQ2QO7rRYmA2itaCnYgwXBobDhhrQKAGjQBwa2vS5Ybwn7su7y4haTmIYJiNli6HMNo1oBD7TRLvobTgLJeSLQNQ3CpC8L68YZdNSbWguJguo1oJJ/3DgBivsboQHfieTBT6npRYhWKkw4dThadj1NSs+Pm9GXq0xyw9U0/O+iPV5pKYoWy7mNP3ox7MdDre5e10V6laUdNzVBtbCAHlbf9F9NmpqLyH/H6qkSTeSSeN6zy6vky8dmGPBhHM0Z6E6JlaFsARXD70SsQ13i1cPJegZPhtBDhtaOH0CqiGs0XnyyuXmtsknh04E9XvdVeBXnq0wzn5K3KTtm44bt3JRXWRYa4EVF4WUBERAREQFXn/DfyVhQzbC5jgMSEHnl6CS8Nn5QvPBehkvDZ+UKiVFxZueiC3aiwYYDqCyHRX/epVuwkNcaX7Rsqq0SDEiPBEOM8VaT2rzCZWlCQylaXA3VxOG2+lNutM6ThMqC8Ei6y3WdXdRtaHmopieeGhzIerdV0V3Zga1DUG/8AyMVqyRikkmI1lSaiEwAkHe431pS/h1Q5SCCcYjqUJdWIaVBodgva3oE7HdFIzri4Bz2xL7JEJpLWkitpzt2zb3hhfTqKOGx1A1jA1oFBUgUAwo1tfiEML8bzybq/396lVS0noyBFdCfHAd2dsNDqWD2gAdaBudgLlvKy0NlOxggUre1ob3nOe7WdTFznG6t7jvVhrmNOqy/eceuJWsWO/lyTd8Dcwn/eLWj949TQDoVG4Qx3i5/PDoKNVcurieuc1WM58vgoJ3TlBRjQ0Z3KCJHccXH5LJGc8fioc58j7kGRnPVXpSgaVQoc53j3qRrqZzsPuQaz860XYkqhKOJaCcc/3VuLCBxULphjePAZ5oJxnPRYznzVQzLj3W04nNy2DXnE/NBM6MBn4rRsWuC1bBG2/nepKILUlN2Py7Ru4jOxdiHEDgC01BwK827PwViQmiw02bR8xxQd5FrDeHAEYLZAREQEREHL0pJYxGD8w38RxVqVitEOHUgaopfjy3q0tGQ2jAAcggrwQ1teyh0qamgDATxrf7ipC15xcGjheepu9ynXPc+pNd5z8PegldDZtq/majpgtjG3ADN3yUIznyp5Ic55fBBu6ITic5r0Wuc+7qsVznyPmtA7OfPogngtvUc3Ga0GpWKnOd/xUUywPBDrwf8AI+XQoOdLTFtzqd3EfA/CqvDOevVRQoDIYJuA21uztCij6RY3CpPD4gnHAYVQWgM5/wCq1fTHDP8AkKh+0Rn91tkb/oT8KLcSbnd91eXwqb6IMxp9jcDaP/H64blD+0xH91tBvKssl2NwaOe1SE5zxQVBAee85SMl2jZ1UxznOCyM55hBiFALsNizFl3N/sr8o4UOcFXnZ5jMfIb0FK1n3rRxznmoJZ5Iqc3/AEKsm/PCiCOmc8luRnzWLQw27heeinhSUR2yg3u+gQb6Pmi1w3E3hd1UZLR4Ze42jyw5K8gIiICIiAiIgKpNQaG2BX8Q3jfzVtEHNiOAoaihwz7+qyHZz5dVFPyQBtgDngeIruKzbI7wpn6V6IJCM87v7LR72tFSQANpuGcD1WA6oNcc1v8AI9FAZME1cbxuxGODnVIw2UQaxdItA1QSN9wG7E4jAatcFCJiM/BoAztN5x/COauMgNbgBXfia13njTqt85/h6FBTbKOJq519QbtlCMCb1NAlGjut+Zz9FPTOfPorMuMc76oKbm0xGc/Fa5z/AAq1MxGgEkii5UrGtV3bORw9x/hQWnNznzUfDObgpK/3+J/qUYZnPEDqgwDnPArVufj8itnFour5YmnIcD7lJDgRHYNpxddxwHmg1BPy+X0UEayTfecaYnZsXShaL/G4ngLgrsGWY3utAQcWDJvdg2g3u+nRXIWiR99xPAXBdNEEUGXY3utAUqIgIiICIiAiIgIiICIiDDmgihXJmoBabhXdxG6pXXWkaEHCh8uBQcoXZzw963B3Z3f09CtDBoSD3sTUm8eezHkstO/ONf6vcg3GeWHwPuSznrX+r3Lamev0d1WQcaY5+h/eQagZz59VKxxGGdn06qKJEa3EjgNvTHY1YaXu7jDTe673Y7t2CCKflREpUfG/dXqFDDY1lxN+7b0HAkeS6LZFx77zybqjb57d6sQZVje60BBzGQ3u7rfN1244dd2KsQ9G/jcTwbcNnnsC6KIIYMqxndaApkRAREQEREBERAREQEREBERAREQEREBERBBMyweNxGBVEy8Rv3bXEH5HkNu9dVEHLaImyGf+xA+Fdw96lZJOPfdQbm3btuOwK+iCGDKsb3WhTIiAiIgIiICIiAiIgIiICIiAiIgIiICIiAiIgIiICIiAiIgIiICIiAiIgIiICIiAiIgIiICIiAiIgIiICIiAiIgIiICIiAiIgIiICIiAiIgIiICIiAiIgIiICIiAiIgIiIP/2Q==";7800007128072;127239718M01;FAR;SYNDOL SL 30MG 4COMP;PHARMA INVESTI;jul-26;5420;;0;10
https://comercioelsol.cl/wp-content/uploads/2021/06/a43-1.jpg;7803504001725;10G044118N02;FAR;TAPSIN ROJ-CAF X600 COMP;MAVER;abr-28;17299;;0;138
https://farmaciaroraima.cl/wp-content/uploads/2024/09/7800060145597.jpg;7804650881520;909;FAR;TELLMI 80 MG X 30 COMP. ;SAVAL;feb-27;15069;;0;4
https://www.ecofarmacias.cl/wp-content/uploads/2023/02/WhatsApp-Image-2023-02-03-at-11.44.38-1.jpeg;7800063111483;101D01;FAR;TERBINAFINA 250 MG X30 COMP.(CURAESPRING);MDC;abr-26;2873;;0;43
https://static.salcobrandonline.cl/spree/products/37391/large_webp/2590373.webp?1641477296;7800060009721;100403210R05;FAR;TOCEX JBE 60MG-10ML 120ML;BAGO FARMA;jul-27;3389;;0;80
https://static.salcobrandonline.cl/spree/products/129813/large_webp/2979365_1.webp?1734101961;7800060036970;10G025610R01;FAR;TRIO VAL  SUSP 100ML;SAVAL OFERTAS;jul-26;4444;;0;74
https://farmex.cl/cdn/shop/products/trioval-dia-y-noche-x-20-comprimidos-saval-487030_1024x1024.webp?v=1692989497;7800060015685;10G024618R01;FAR;TRIO VAL DIA-NOCHE 20 COMP;SAVAL;jul-28;3095;;0;371
https://www.surfarma.cl/archivos/2020/11/30444_VALAX-160-MG-30-COM-1024x1024.jpg;7804673040072;129413018C09;FAR;VALAX 160MG 30COMP (SAVAL);SAVAL;may-27;6249;;0;10
https://www.ecofarmacias.cl/wp-content/uploads/2020/03/Valsartan-160-x-30.jpg;7800028005536;11CA04C09;FAR;VALSARTAN 160MG 30 COMP;SEVEN;jun-26;3919;;0;89
https://www.farmaciasahumada.cl/on/demandware.static/-/Sites-ahumada-master-catalog/default/dw3941a6e6/images/products/29028/29028.jpg;7804673040423;100GE2010A03;FAR;VIADIL FORTE GTS;MEGALABS;oct-26;2119;;0;166
https://static.salcobrandonline.cl/spree/products/121418/large_webp/2570320.webp?1726243084;7896009498374;10G025410A03;FAR;VIADIL GTS;PHARMA INVESTI;sept-26;2119;;0;399
https://farmaciasdeldrsimicl.vtexassets.com/arquivos/ids/157219/CH6046-01.jpg?v=638016178555530000;7800063325262;10G030923M02;FAR;VITAPOVIN POM 10GR;MAVER;feb-27;991;;0;169
https://product-img.cofar.cl/products/qKvRLy2EJEDw26WJR/images/0.jpeg;7800063160085;886;FAR;ZIVAL 5 MG X 40 COMP. REC.;SAVAL;abr-26;7674;;0;4
https://farmaciaschilespa.cl/wp-content/uploads/2022/12/BUBU-PACK-80-X-2.jpg;7800044000690;429114400DMF;PER;BUBU TOA HUM C-ACE EM 80X2BUBU TOA HUM C-ACE EM PACK X2;BUBU;dic-27;1471;;0;56
https://media.falabella.com/falabellaCL/126437103_01/w=1500,h=1500,fit=pad;7804673040218;SUP036;SUP;CITRATO DE MAGNESIO 400MG X30 CAP.(PRANALAB);PRANALAB;mar-27;1448;;0;10
https://www.farmaciasahumada.cl/on/demandware.static/-/Sites-ahumada-master-catalog/default/dwc4c73a27/images/products/9455/9455.jpg;7804673040409;285;SUP;FISIOFER 800 MG-15ML S.O.10 FCOS.BEB. 15 ML (HIERRO);ITF FARMA;jul-26;17625;;0;2
https://www.clubdeperrosygatos.cl/wp-content/uploads/2024/08/Bravecto_1M-2-A-45-KG.png;7804900000824;VET13;VET;V-BRAVECTO 1M PERRO 45 MG 2-4,5 KG X 1 COMP MASTST;INTERVET GMBH.;feb-26;4589;;0;8
https://www.farmaciasahumada.cl/on/demandware.static/-/Sites-ahumada-master-catalog/default/dw51055135/images/products/26156/26156.jpg;7800063130514;VET2;VET;V-INVERMIC 2% GATO SOL ORAL GOTAS X 10 ML;VETERINARIA DRAG PHARMA;ene-27;938;;0;117
https://diprovet.cl/media/catalog/product/cache/c717c129b62f65153ce503515a110795/S/P/SPANEXTA035_2024-04-12_16_32_24.jpg;8427426020207;VET44;VET;V-NEXGARD  3 TABLETAS MASTICABLE 68 MG - 10-25 KG;BOEHRINGER ING. VET;feb-27;10353;;0;1
https://petvet.cl/cdn/shop/files/bravecto-1m-perros-20-40-kg-400-mg-741013.jpg?v=1745955409;7800060130647;VET119;VET;VT BRAVECTO 1M PERRO 400 MG 20-40 KG X 1 COMP MAST;INTERVET GMBH.;feb-26;7635;;0;3
https://www.farmaciasahumada.cl/on/demandware.static/-/Sites-ahumada-master-catalog/default/dw3f9c132d/images/products/8419/8419.jpg;7800004005130;VET3;VET;VT INVERMIC 2% PERRO SOL ORAL GOTAS X 10 ML;VETERINARIA DRAG PHARMA;ago-26;921;;0;126
https://www.labscl.cl/wp-content/uploads/2024/04/Proteina-Vegana.png;8713184229885;004ALIM;ALIM;WHEY PROTEIN 1KG  VAINILLA 100% WHEY                        ;SCL;feb-27;27000;;0;1
https://farmacia.araucomed.com/6435-large_default/isdin-reparador-labial-stick-4g.jpg;7804673040256;220DERM;DERMO;ISDIN REPARADOR LABIAL STICK 4G. CON ACIDO HIALURONICO;ISDIN;jul-27;4999;;0;5
https://beta.cruzverde.cl/on/demandware.static/-/Sites-masterCatalog_Chile/default/dw91049b14/images/large/250155-interprox-cepillo-dental-6-unidades.jpg;8713184148957;080DMF;DM;(DM) INTERPROX PLUS CEPILLO MICRO ISO 2 0,9 MM X 6 UNID.;DENTAID;abr-29;3990;;0;1
https://www.ecofarmacias.cl/wp-content/uploads/2021/06/1733810eaf155ba1b78f844fe7890b4c_square.jpg;8713184148940;107DMF;DM;(DM) INTERPROX PLUS CEPILLO NANO ISO 0 0,6 MM X 6 UNID.;DENTAID;mar-29;3990;;0;1
https://encrypted-tbn0.gstatic.com/images?q=tbn:ANd9GcR4GXAOYptpeGVgFgcUcDQ4Co5L3nMjg7_XZw&s;7800006002861;084DMF;DM;(DM) INTERPROX PLUS CEPILLO SUPER MICRO ISO 1 0,7 MM X 6 UNID.;DENTAID;abr-29;3990;;0;1
https://encrypted-tbn0.gstatic.com/images?q=tbn:ANd9GcQgcxxE2uGUjsZIvYO3cDxRb5bjecZ4Kkwb0A&s;7794640170898;190DMF;DM;CETAPHIL PRO AR CALM CONTROL CREMA CON COLOR HIDRATANTE DÍA FPS 30 X TUBO 50 ML;GALDERMA;nov-27;986;;0;20
;7804673040133;2003DMF;DM;GUANTE VINILO TALLA S X100U.;0;mar-28;1843;;0;8
;8470001901200;JER3MLDMF;DM;JER. MUNCARE  L LOCK 3ML 21GX1-1-2;MUNCARE;mar-28;43;;0;6399
;7804918450031;JER10MLDMF;DM;JER. MUNCARE  L SLIP 10ML 21GX1-1-2;MUNCARE;jun-29;64;;0;800
;7804651931910;JER20MLDMF;DM;JER. MUNCARE  L SLIP 20ML 21GX1-1-2;MUNCARE;dic-27;79;;0;230
;7805633018353;JER5MLDMF;DM;JER. MUNCARE  L SLIP 5ML 21GX1-1-2;MUNCARE;dic-27;41;;0;4976
https://www.sportnutrishop.cl/cdn/shop/files/UL3.jpg?v=1715374109;7800070004341;211105300DMF;DM;LIFESTYLES ULTRA SENSIBLE NUDA X3;PRATER;mar-29;1200;;0;13
https://japijane.cl/cdn/shop/products/CN1013-LifeStyles-Vibra-Ribbed-Stimula-Japi-Jane_b6ccc8f9-3c75-4013-baf5-4d05b8fee84d.jpg?v=1629473916;7800004004980;211105401DMF;DM;LIFESTYLES VIBRA-RIBBED STIMULA X3;PRATER;dic-28;1200;;0;165
https://encrypted-tbn0.gstatic.com/images?q=tbn:ANd9GcTPfaXBx4osiOwUxz01jQZjHuxV_C6FK4XM5Q&s;7800063111414;111DMF;DM;MASCARILLA 3 PLIEGUES CELESTE X50U CRANBERRY;CRANBERRY;jun-27;1207;;0;135
;7804650880677;20CCRDMF;DM;MASCARILLA X50U 3 PLIEGUES CELESTE;0;jul-29;1207;;0;54
https://farmaciaroraima.cl/wp-content/uploads/2024/09/7804972000227.png;7804620833412;025DMF;DM;MAYON ULTRA CRE ADHE X 40 GR;FARMODENTAL;dic-27;3999;;0;3
https://http2.mlstatic.com/D_NQ_NP_994077-MLU74642121948_022024-O.webp;7809599501553;238326900DMF;DM;OXIMETRO DE PULSO LOVELIFE;LOVELIFE;jun-27;11388;;0;1
https://farmaciaszamarin.cl/wp-content/uploads/2024/05/panuelo-desechable-triple-hoja-18-paquetes-x-10-panuelos-family-set.jpg;7800028000357;128746100DMF;DM;PAÑUELO FAMILY SETX 18 UNID;FAMILY SET;dic-28;1547;;0;72
;737186232993;113DMF;DM;PARCHE CURITAS SURTIDOS CAJA X 20 UNID.(kingcare);KINGCARE;ago-26;204;;0;10
https://www.dentaidcomprasonline.cl/90-large_default/kit-de-viaje-phb-cepillo-mini-pasta-15ml.jpg;8713184229922;093DMF;DM;PHB VIAJE MEDIO CEP. DENTAL+VITIS MINI PASTA DENTAL  20G.;DENTAID;sept-27;3700;;0;1
https://api.redfarma.cl/web/v1.5/Articulo/imagen_012-1124.jpg;7804651931927;200267902DMF;DM;PRESERVATIVO SENSORPLUS EXTRA RESISTENTE;HELSELAB;jul-29;567;;0;227
https://www.ecofarmacias.cl/wp-content/uploads/2022/09/402713-repelex-post-picaduras-gel-refrescante-15-ml.webp;7804918402054;501DMF;DM;REPELEX RESFRESCANTE POST PICADURAS GEL 15 ML;SANITAS;sept-27;1600;;0;10
https://farmacialabotika.cl/cdn/shop/products/7800060005723_AB_ANTISEPTICO_12COMP.png?v=1743531661;7800004004423;100D08;FAR;AB ANTISEPTICO(AB CLORHEXIDINA) 12 COMP MAST;SAVAL;may-26;2100;;0;133
https://profarcl.vtexassets.com/arquivos/ids/178038-800-auto?v=637835628994570000&width=800&height=auto&aspect=true;7800004369621;843;FAR;ACICLOVIR 5% CREMA POMO 15G X 1 UNID.(LAB CHILE);CHILE;ago-26;628;;0;288
https://www.ecofarmacias.cl/wp-content/uploads/2019/07/Actron-600-x-10.jpg;7804650880226;1007AM01;FAR;ACTRON 600 MG 10 CAPS.BDAS.;BAYER ;jun-26;3182;;0;70
https://s3.us-east-2.amazonaws.com/basestack-publicbucketa6745c15-1ul2knuv6sta7/images/2cea5f0b-96e1-45ef-bace-1172c7e2834c/large.jpeg?u=1722007651771;7804650311140;101CA11;FAR;ACUODE 50.000 UI SOL. ORAL CAJA X 2 SOBRES (COLECALCIFEROL);RECALCINE;ene-26;12100;;0;1
https://biosphare.cl/wp-content/uploads/2021/04/amlodipino-10-mg-x-30c-cp-bioequivalente-lab.-ascend.jpg;7800007804402;812;FAR;AMLODIPINO 10 MG X 30 COMP.(ASCEND);ASCEND;feb-26;490;;0;6
https://encrypted-tbn0.gstatic.com/images?q=tbn:ANd9GcR07r8Is5GUYSKwCvtvQdkHiF-4OdznGfY1_w&s;780476070144;100455610J01;FAR;AMOXICILINA 500MG JBE60ML;OPKO;abr-26;1000;;0;1543
;7804620834488;100GE3418J01;FAR;AMOXICILINA 750MGX10 COMP.(MINTLAB);MINTLAB;abr-29;1099;;0;56
;#N/D;#N/D;FAR;AMOXICILINA+A.CLAVULANICO [BE] [500+125] MG 20 COMP.REC.(OPKO);OPKO;#N/D;J01;;0;#N/D
;7800060007635;707;FAR;ANASTROZOL 1 MG X 30 COMP. REC.;GENERICOS VARIOS;ene-27;4899;;0;12
;7891317006396;293;FAR;ASEPXIA AZUFRE JABON EN BARRA 100 G;GENOMMA;mar-27;3399;;0;5
;7804671180480;300;FAR;ASEPXIA CARBON DETOX JABON 100 G.;GENOMMA;ene-28;3690;;0;5
;8903726250365;101AC10;FAR;ATORVASTATINA 10MG 30COMP BE.(LCH);CHILE;jul-26;590;;0;50
;7800044000409;104AC10;FAR;ATORVASTATINA 80MG 30COMP BE;ASCEND LABORATORIES SPA;dic-26;3999;;0;7
;7800063000800;100449510J01;FAR;AZITROMICINA 200MG-5ML SUSP 15ML;HOSPIFARMA;oct-25;1600;;0;97
https://farmacia.araucomed.com/12939-large_default/bacitracina-neomicina-unguento-x15g-mintlab.jpg;7804900000305;100172723D06;FAR;BACITRACINA+NEOMICINA UNG 15GR.(MINTLAB);MINTLAB;abr-28;954;;0;120
;7800018000961;222;FAR;BALSAMO ANALGESICO UNGUENTO 15 G. ;PASTEUR;nov-25;1328;;0;10
;7800004509126;1ET505029M09;FAR;BEAUTIP-D 30SATCHET (Ca-COLG-Mg-VITD);ARAMA;mar-26;7000;;0;13
;7804614931445;1000D03;FAR;BEPHANTOL REGENADORA  30 G;BAYER OTC;dic-26;2729;;0;14
https://farmacia.araucomed.com/11612-large_default/betametasona-crema-005-x-15-gramos-curaespring.jpg;7805633008880;825;FAR;BETAMETASONA CR 0,05% 15 GR.(CURAESPRING);MDC;oct-27;278;;0;717
;7804673040355;101CN07;FAR;BETINA 16 MG 30 COMP. [BE];EUROFARMA;mar-26;11110;;0;12
;3664798040579;100AH11;FAR;BIOTINA + ZINC + Q10  SABOR FRUTOS ROJOS GERMAN ENERGY 20 TABLETAS EFERVESCENTES;BIOPLUS;ago-27;2076;;0;5
https://farmacia.araucomed.com/13180-large_default/bisoprolol-5-mg-x-30-comprimidos-curaespring-cenabast.jpg;7730698014869;101AC07;FAR;BISOPROLOL 5MG X 30 COMP.(CURAESPRING);CURAESPIRNG;jun-26;1999;;0;466
https://farmaciasdeldrsimicl.vtexassets.com/arquivos/ids/156731/CH7216-1.jpg?v=637964774550530000;7805163000217;10G018623D06;FAR;BLISTEX CR LAB MED 6GR;SYNTHON;oct-26;1150;;0;1298
https://encrypted-tbn0.gstatic.com/images?q=tbn:ANd9GcQQZFaWV3Fh6rUioT5T9Da-s4-lalruKrURCQ&s;7800063130033;100395810R05;FAR;BROMFIN JBE 8MG-5ML 100ML;MINTLAB;nov-25;1990;;0;102
;7800063330341;239;FAR;BROMHEXINA JBE. 4MG;SEVEN;dic-25;808;;0;22
;7803501004422;100308110R05;FAR;BRONTAL JBE IF 100ML;SANITAS;ago-26;3260;;0;61
https://www.novasalud.cl/media/catalog/product/cache/1a10d735dfa619d2686c17030920c9f1/4/0/4002466_2.jpg;7800060015661;100224810R05;FAR;BRONTEC 35MG-5ML 100ML;MINTLAB;feb-27;1520;;0;381
https://valma.cl/wp-content/uploads/2024/10/CARBON-x-100_02.jpg;7800063330556;10G040118A07;FAR;CARBON SULFAGUANIDINA 100 COMP;VALMA;ene-28;3190;;0;148
https://valma.cl/wp-content/uploads/2024/10/CARBON-x-20_01.jpg;7804667110026;141100218A07;FAR;CARBON SULFAGUANIDINA 20COMP;VALMA;feb-28;1099;;0;175
;7861073971160;100372118C07;FAR;CARVEDILOL 12,5MG 30COMP BE;CHILE;mar-26;999;;0;40
;7804614931438;10G052410J01;FAR;CEFADROXILO JBE 250MG-5ML  60ML.(ANDROMACO);ANDROMACO;abr-26;2699;;0;14
https://farmaciasdeldrsimicl.vtexassets.com/arquivos/ids/155466-800-450?v=637926510244830000&width=800&height=450&aspect=true;8903726193372;FAR002;FAR;CEFALMIN 10 COMP;SANITAS;oct-25;768;;0;200
;7804651937851;1PV022018M01;FAR;CELECOXIB 200 MG x 30 CAP.(curaespring);GENERICOS VARIOS;ene-28;1379;;0;170
;7804673040232;127453418A11;FAR;CENTRUM HOMBRE 30 COMP REC;GSK  OTC;jun-26;5775;;0;109
;7804614931629;180A11;FAR;CENTRUM MUJER X 60 COMP. REC.;GSK  OTC;ago-26;13500;;0;15
;7803504005808;199453318A11;FAR;CENTRUM MULTIVITAMINICO 30COM;GSK  OTC;feb-26;4645;;0;4
;7800007409249;108AA11;FAR;CENTRUM SILVER X 30 COMP REC;GSK  OTC;nov-26;7200;;0;45
;7806130008854;101AR06;FAR;CETIRIZINA CLORHIDRATO 10MG X 30 COMP;MDC;oct-25;600;;0;636
;3664798040623;103BA12;FAR;CITRATO DE MAGNESIO 400 MG 90 CAPS;SCL;mar-27;4300;;0;5
;7730698014852;10G019418D08;FAR;CLARAGINE 16 COMP;PRATER;ene-26;700;;0;499
;7800018000770;1300S01;FAR;CLARIMIR F SOL OFT X 15 ML;ANDROMACO;feb-26;6851;;0;11
;7804900000770;10G031415S01;FAR;CLARIMIR SOL OFT 12MG-ML 15ML;ANDROMACO;dic-25;2400;;0;9
;7800063370057;270;FAR;CLORANFENICOL UNGÜENTO OFT 1% X3.5G.(hospifarma);HOSPIFARMA;dic-25;999;;0;30
;7800044000683;100AA01;FAR;CLORHEXIDINA GLUCONATO COLUTORIO 0,12%;MDC;dic-25;1561;;0;60
;7800046005365;1001D01;FAR;CLOTRIMAZOL 1% X 20ML SOL.TOP;GENERICOS VARIOS;oct-26;850;;0;51
;8427426006010;100302823D01;FAR;CLOTRIMAZOL CR 20GR;CURAESPIRNG;mar-26;324;;0;602
;7501298222592;10037M03;FAR;COREGA SIN SABOR 70GR;GSK PERFUMERIA;feb-27;8599;;0;21
;7800007119322;1005J01;FAR;COTRIMOXAZOL 200-40MG-5ML SUSP ORAL 100ML;MINTLAB;abr-26;1299;;0;22
;7800004005055;150AG03;FAR;DAYS 1,5 MG 1 COMP (LEVONORGESTREL) [BE];CHILE;sept-26;5064;;0;2
;7800068011481;154329618R06;FAR;DESLORATADINA 5MG 30COMP;CURAESPRING;dic-26;899;;0;33
;7804620834433;100034618A07;FAR;DIAREN 20 COMP;SAVAL;ene-30;4100;;0;20
;43D9CCICKBF4BQ;100215418M01;FAR;DICLOFENACO 50MGX10 COMP.(opko);OPKO;jun-27;220;;0;640
;95Z51631114627;100421218M01;FAR;DICLOFENACO SODICO 100 MG X 8 CAPS LP (OPKO);OPKO;ago-27;333;;0;912
;7800063115443;193144518G04;FAR;DISILDEN 100MG 5COMP;INTERPHARMA (IPHSA);abr-28;1614;;0;212
;7800004340446;100252418G04;FAR;DISILDEN 100MGX3 COMP;INTERPHARMA (IPHSA);ene-28;1380;;0;110
;7800004000418;100150318G04;FAR;DISILDEN 50MGX10 COMP;INTERPHARMA (IPHSA);feb-28;2240;;0;270
;7800004500901;1000G04;FAR;DISILDEN 50MGX5 COMP;INTERPHARMA (IPHSA);ene-28;1301;;0;273
;#N/D;100257723M02;FAR;DOLORUB 5% CR 45GR;MAVER;ene-26;2090;;0;232
;1052M02;100320726M02;FAR;DOLORUB PARCHE CASPICO X 1 UNI;MAVER;dic-26;1099;;0;91
;7800046005563;1090J01;FAR;DOXICICLINA 100 MG 10 CAPS.(megalabs);PHARMA INVESTI;ene-28;1710;;0;74
;7804673040324;105AN06;FAR;DULOXETINA 60 MG X 30 CAPS. REC. ENT.(hetero);HETERO;abr-26;3600;;0;5
;7800017002317;900;FAR;ELCAL-D CAP 60;ANDROMACO;feb-26;11999;;0;1
;7804651931903;100274018C09;FAR;ENALAPRIL 10MGX20 COMP;OPKO;may-27;254;;0;218
;#N/D;#N/D;FAR;ENALAPRIL 10MGX20 COMP.(andromaco);ANDROMACO;#N/D;C09;;0;#N/D
;#N/D;#N/D;FAR;ENALAPRIL 20MGX20 COMP.(opko);OPKO;#N/D;C09;;0;#N/D
;7805163000125;842;FAR;ESCAPEL-2 0.75 MG 2 COMP.;GEDEON RICHTER;nov-26;7248;;0;2
;7861148022285;100412118A02;FAR;ESOMEPRAZOL 20MGX30 COMP.(OPKO);OPKO;feb-27;1898;;0;240
;7804918402313;1002D01;FAR;ETHONAZOL CREMA TOPICA 1%;ETHON;jul-26;300;;0;65
;7891317120566;1301A11;FAR;ETOVITAE 60 MG X 14 COMP REC;GALENICUM;oct-26;4599;;0;10
;8427426046535;542;FAR;EUROCOR-D 2,5-6,25 MG 35 COMP.REC. ;SAVAL;oct-27;10100;;0;2
;7800004509119;10GE12327D01;FAR;FITTIG DOBLE ACCION PVO TOP X 60 GR;ANDROMACO OTC;jun-27;3599;;0;13
;7800060145597;195009010A03;FAR;FLAPEX 4% GTS 15ML;ANDROMACO;jul-25;200;;0;294
;7794640171758;1AA072C10;FAR;FORLIP 10 MG;ASCEND LABORATORIES SPA;ene-26;2800;;0;11
;7804918402108;100068218C03;FAR;FUROSEMIDA 40 MGX12 COMP;ANDROMACO;abr-27;289;;0;317
;650240007828;100326323A01;FAR;GELCAIN  GEL 2% 30GR;VALMA;jun-26;1699;;0;4
;3664798040654;100275118A10;FAR;GLAFORNIL XR 1000MG 30COMP;MERCK;feb-26;17990;;0;18
;7804673040331;888;FAR;GLAUPAX 500 MG 30 COMP.REC.;PASTEUR;jun-26;2299;;0;5
;7800063130514;100070218A10;FAR;GLIBENCLAMIDA 5MG X60 COMP;CHILE;ago-25;300;;0;116
;7809591400564;1001D05;FAR;GOICOECHEA DIABET-TX 10% CREMA HIDRAT. PIEL EXTRA SECA 250G.;GENOMMA;ago-27;9990;;0;1
;7800004005000;101AC03;FAR;HIDROCLOROTIAZIDA 50 MG X 20 COMP.(LCH);CHILE;oct-27;490;;0;165
;7804671180275;916;FAR;HIPOGLOS NF  POMADA 72G.;ANDROMACO;may-26;4380;;0;1
;8903726308820;100292510M01;FAR;IBUPROFENO 200MG-5 ML SUSP 100ML;OPKO;feb-26;785;;0;174
;8903726249291;180M01;FAR;IBUPROFENO 400MGX20 COMP (CHILE);CHILE;dic-26;442;;0;50
;#N/D;#N/D;FAR;IBUPROFENO 600MGX20 COMP.(OPKO);OPKO;#N/D;M01;;0;#N/D
;#N/D;#N/D;FAR;IPRASYNT HFA 20 MCG / DOSIS AER. X 200 DOSIS;FAES FARMA;#N/D;R03;;0;#N/D
;7793640211464;906;FAR;IVERCASS 0,6% S.O. 20 ML ;D & M PHARMA;abr-26;11999;;0;6
;7804900000961;100KA10;FAR;JARDIANCE 10 MG X 30 COMP;BOEHRINGER INGELHEIM;feb-27;23999;;0;3
;7804671180145;1300R05;FAR;KALOBA SOLUCION X 20 ML;PHARMA INVESTI;abr-26;6399;;0;1
;8903726193556;10;FAR;KETOROLACO 10MGX10 COMP (MINTLAB);MINTLAB;dic-26;300;;0;442
;7804671180107;10010A06;FAR;LACTULOSA 66,7% SOL 200ML;CHILE;dic-27;2690;;0;548
;7804640560572;100419118A02;FAR;LANSOPRAZOL 30MGX30 CAPS.(LCH);CHILE;jun-26;971;;0;100
;10742206011;100285023M02;FAR;LEFKAFLAM CR 50G;KNOP FITOTERAPEUTICOS;sept-26;2999;;0;38
;7800004369621;101R06;FAR;LEVOCETIRIZINA 5MGX30 COMP.(CURAESPRING);CURAESPRING;jun-26;902;;0;289
;7804620832170;528;FAR;LEVOXIN 750 MG 10 COMP. ;EUROFARMA;abr-26;6990;;0;12
;7800063111445;127002118R06;FAR;LORATADINA JBE 5MG-5ML 90ML;MILAB;oct-25;850;;0;43
;7800063000312;18;FAR;LOSARTAN 50 MGX30 COMP.(LCH);CHILE;oct-27;550;;0;604
;95251631114625;190044018R06;FAR;LOTADIN 5MGX30 COMP;OPKO;feb-26;700;;0;914
;7800018000329;273;FAR;MANTECA DE CACAO COCO;VALMA;jul-27;700;;0;20
;7800018000251;274;FAR;MANTECA DE CACAO DAMASCO;VALMA;dic-27;690;;0;19
;7804614931438;117100223D06;FAR;MANTECA DE CACAO FRUTILLA;VALMA;ene-28;700;;0;14
;7803504000254;266;FAR;MANTECA DE CACAO NARANJA;VALMA;feb-28;700;;0;62
;7800007119322;275;FAR;MANTECA DE CACAO PLATANO;VALMA;feb-28;700;;0;24
;7798140259428;1003M02;FAR;MATIKOMP UNG. TOP. 35 G.;KNOP FITOTERAPEUTICOS;dic-27;3999;;0;1
;7800018000633;889;FAR;MERPAL 15 MG-ML GOTAS 20 ML;PRATER;jul-26;3050;;0;19
;7800038046192;150BN02;FAR;METAMIZOL SOD 300 MG X 20 COMP.(valma);VALMA;feb-28;600;;0;195
;7800007660282;104BA10;FAR;METFORMINA 1000MG X30 COMP;CURAESPRING;abr-27;1900;;0;177
;7800060110496;100323918A10;FAR;METFORMINA 850MGX30 COMP BE(ascend);GENERICOS VARIOS;dic-27;790;;0;388
;7804673040386;530;FAR;METFORMINA 850MGX60 COMP.(andromaco);LABORATORIOS ANDROMACO S.A.;jun-27;1999;;0;69
;650240004643;281;FAR;METORENE COM 12,5 MG X 30 COM.(MEGALABS);PHARMA INVESTI;sept-25;3200;;0;1
;7804650882947;100226610R05;FAR;MINTAMOX 30MG-5ML JBE 100ML;MINTLAB;jul-25;200;;0;27
;7793640211259;532;FAR;MODAVITAE 200 MG X 30 COMP.;GALENICUM;jun-26;15999;;0;4
;7800007746320;151ES01;FAR;MONOPROST 50 MCG-ML SOL OFT X 30 PIPETAS;THEA;sept-26;22999;;0;9
;7804640560107;928;FAR;MONTELUKAST COM 10 MG X 30 (euro);EUROFARMA;ago-26;3119;;0;10
;7804633500721;927;FAR;MONTELUKAST COM 10 MG X 30 (lch);LAB CHILE;nov-27;2996;;0;20
;7805633014287;901;FAR;MOXOF SOL OFT 0,5% X 5 ML;SAVAL;abr-27;14064;;0;1
;7804651931934;100190114D01;FAR;MUCIVIL 1% SOL TOP 15ML;PRATER;abr-27;2899;;0;223
;7800008020023;914;FAR;MUPIROCINA 2% UNGÜENTO TÓPICO X 15G;HOSPIFARMA;oct-26;3402;;0;5
;7793640002543;539;FAR;MUXOL 15 MG-5ML JARABE PEDIATRICO 100 ML (AMBROXOL);SAVAL;ene-27;3010;;0;4
;7800063310824;1300M01;FAR;NAPROXENO 550 MG X 10 COMP REC.(ANDROMACO);ANDROMACO;ene-27;1127;;0;558
;7800004241453;1201N02;FAR;NASTIZOL COMPOSITUM PEDIATRICO SOL. GTS. ORALES X 15 ML;BAGO;may-26;7382;;0;1
;7800063330563;100921218R01;FAR;NASTIZOL DN 18COMP;BAGO;oct-26;2990;;0;149
;#N/D;#N/D;FAR;NASTUL CPTO 10 COMP;CHEMO;#N/D;R01;;0;#N/D
;7804620833047;1051N02;FAR;NEFERSIL 125 MG X 10 COMP. REC.;MEGALAB;ago-27;2520;;0;19
;7800007142573;1052M02;FAR;NEFERSIL 125MGX10 COMP;PHARMA INVESTI;dic-27;2648;;0;100
;7804902047797;907;FAR;NEO-ALERTOP 5 MG 30 COMP.REC.;CHILE;mar-26;4999;;0;1
;7804923031560;100BR03;FAR;NEUMOCORT PLUS 160-4.5 MCG PVO INH X 150;D & M PHARMA;mar-26;23990;;0;1
;7800063000770;100366508A11;FAR;NEUROBION DC 10000 SOL INY X 3 JER PRE;PROCTER OTC;jul-26;14100;;0;30
;7861073971061;100318423D01;FAR;NISTATINA 100.000 UI UNG 15GR;HOSPIFARMA;jul-25;200;;0;36
;310742006247;100D01;FAR;NISTATINA OVULOS 100.000 UI X 12;CHILE;sept-25;1870;;0;6
;7800063120935;100388618J01;FAR;NITROFURANTOINA MACRO 100MGX10 COMP (MINTLAB);MINTLAB;dic-26;1116;;0;100
;7800057001486;543;FAR;OLANZAPINA 10 MG X  30 COMP.REC.(momenta);EUROFARMA;ago-26;5170;;0;12
;7800044000102;160A02;FAR;OMEPRAZOL 20MGX30 CAPS.(CURAESPRING);MDC;jun-27;576;;0;1200
;7800063001524;214;FAR;ORALGENE 0,12 % COLUTORIO X 120 ML;MAVER;ene-28;2628;;0;5
;7800063130125;171AA04;FAR;ORALNE 20 MG X 30 CAPS BLANDAS;DEUTSCHE PHARMA;jun-27;24000;;0;11
;7804614931469;100015540S02;FAR;OTICUM SOL OTO FCO 5ML;SAVAL;oct-25;6098;;0;15
;7804918450017;10G025910R05;FAR;PALTOMIEL JBE. AD. KNOP;KNOP FITOTERAPEUTICOS;dic-27;1308;;0;805
;7805633008910;10G026010R05;FAR;PALTOMIEL JBE. PED. KNOP;KNOP;oct-27;1126;;0;700
;7800044000430;120BN02;FAR;PANADOL 160 MG-5ML JBE. PED. 60 ML (PARACETAMOL);GSK  OTC;nov-26;3390;;0;2
;7800007804198;1005N02;FAR;PANADOL ADVANCE 500 MG x 12 COMP. REC.;GSK  OTC;feb-27;599;;0;7
;7800007119407;262;FAR;PANADOL INFANTIL 80MG X 20 COMP ;GSK  OTC;mar-26;1300;;0;24
;7804651937806;10G013218N02;FAR;PARACETAMOL 80MGX100 COMP. (mintlab);MINTLAB;sept-26;2604;;0;225
;7800007801548;100BN06;FAR;PASSIFLORA TM 50 COMPRIMIDOS;KNOP 1-021;jun-28;2510;;0;4
;7804651937806;125966410R05;FAR;PECTOX JBE 35MG-5ML 120ML;KNOP;feb-26;1000;;0;225
;7804673040393;834;FAR;POSTPIL 1,5 MG X 1 COMP. (LEVONORGESTREL);DKT;may-28;3108;;0;2
;7800063110202;937;FAR;PREDNISONA 20 MG - 5 ML SUS. ORAL X 60 ML FCO.(hospifarma);HOSPIFARMA;mar-26;1188;;0;52
;7804673040560;100292318H02;FAR;PREDNISONA 20MGX20 COMP.(LCH);CHILE;sept-27;990;;0;50
;7800007155719;120AA6;FAR;QG5 PSIDIUM GUAJABA 166,6 MG. 4 DISPLAY DE 30 COMP.;GENOMMA;jun-26;32000;;0;2
;7800007122629;125AN05;FAR;QUETIAPINA 100 MG 30 COMP.REC.(SEVENPHARMA);SEVEN PHARMA;jul-27;2100;;0;99
;7800007810571;140283318C10;FAR;REDISTATIN 10MG 30 COMP;DR. REDDY´S LABORATORIES CHILE;abr-26;2600;;0;74
;7800004508594;10G030715S01;FAR;RED-OFF 0,0125% 15ML;CHILE;sept-26;2990;;0;15
;7793640216100;100BA12;FAR;REHSAL 90 MEQ PVO SOL ORAL LIMON X 4 SACHET;TEVA;dic-27;8500;;0;2
;7793640216100;100BA12;FAR;REHSAL 90 MEQ PVO SOL ORAL LIMON X 4 SACHET;TEVA;ago-27;8200;;0;2
;8903726184233;722;FAR;RELANOK 100 MG 20 CAP. [BE] (TRAZODONA HCL);OPKO;abr-26;7990;;0;3
;7800007801555;1070P03;FAR;REPELEX CREMA PIEL SENSIBLE DE 80 G;SANITAS;nov-27;2390;;0;4
;7795373001220;100R01;FAR;RINOMASE 50 MCG SPRAY NASAL X200DOSIS;HOSPIFARMA;feb-27;5058;;0;38
;8429420268302;1001B01;FAR;RIVOXA(B) 15MG 30 COMP;SAVAL;nov-25;31585;;0;1
;7800004500826;125AC10;FAR;ROSUVASTATINA [ES] 10 MG 30 COMP.REC.;GENERICOS VARIOS;ene-26;1890;;0;277
;7800044001857;100076806R03;FAR;SALBUTAMOL INH 100 MCG - 200 DOSIS.(mintlab);GENERICOS VARIOS;may-27;1068;;0;240
;7800007120410;100132600D08;FAR;SANIGERMIN TRICLOSAN 0,3% PAN 90GR;SANITAS;ene-26;996;;0;34
;7800007409249;264;FAR;TAPSIN CALIENTE NOCHE X6 SOBRES;MAVER;nov-25;1990;;0;44
;7800007409249;264;FAR;TAPSIN CALIENTE NOCHE X6 SOBRES;MAVER;jun-27;1990;;0;44
;7804900000367;100250318N02;FAR;TAPSIN D-N 18 COMP;MAVER;abr-26;1199;;0;120
;7800063003122;100278810N02;FAR;TAPSIN INF GTS 15ML;MAVER;may-26;1400;;0;70
;8902281614438;10G044218R05;FAR;TAPSIN NOCTURNO X600 COMP;MAVER;ene-27;18360;;0;69
;7800060125803;11;FAR;TAPSIN PLUS LIMONADA NOCHEX30SOBRES 5GR;MAVER;may-26;11820;;0;563
;#N/D;#N/D;FAR;TESTOSTERONA 250 MG/ML X 1 AMP.;ETHON;#N/D;G03;;0;#N/D
;7804640561388;100316210R05;FAR;TOCALM JBE INF 15MG-5ML 100ML;PRATER;oct-26;1890;;0;4
;7800059006922;3003CR01;FAR;TRAMADOL 100 MG - ML X 20ML GTS.(lch);CHILE;oct-26;1368;;0;70
;7800063001647;717;FAR;TREX 500 MG X 3 COMP. REC.;SAVAL;mar-27;10000;;0;4
;7804620835645;10GE12818R01;FAR;TRIO VAL 10 COMP;SAVAL;mar-27;2399;;0;47
;7804673040072;265;FAR;TUMS ENO 500MG x48 COMP MASTICABLES;GSK;mar-27;9000;;0;10
;7804673040072;129413018C09;FAR;VALAX 160MG 30COMP (SAVAL);SAVAL;dic-25;6249;;0;10
;7800007803887;100272523D02;FAR;VASELINA SOLIDA 24G.(DIFEM);DIFEM PHARMA;oct-26;930;;0;47
;#N/D;#N/D;FAR;VIBIEN 15ML;OPKO;#N/D;S01;;0;#N/D
;7800060011656;803;FAR;VIGER TADALAFILO 20MG X 4 COMP(IPHSA);IPHSA;dic-27;3600;;0;110
;7800068030451;1000A11;FAR;VITAMINA C 1000 mg + ZINC 10 MG SABOR NARANJA GERMAN ENERGY 20 TABLETAS EFERVESCENTES;BIOPLUS;ene-28;1996;;0;10
;8906063986652;125GA11;FAR;VITAMINA C 1000 MG BERRIES GERMAN ENERGY 20 TABLETAS EFERVESCENTES;GERMAN ENERGY;mar-28;1682;;0;10
;7804673040263;127AG11;FAR;VITAMINA C 1000 MG NARANJA  20 TABLETAS EFERVESCENTES GERMAN ENERGY;BIOPLUS;mar-28;1765;;0;10
;7800063000800;100001A11;FAR;VITAMINA C MASTICABLES 500 MGX30 COMP;CURAESPRING;dic-25;860;;0;98
;7800004500826;745;FAR;VITAMINA E400UI X 30 CAP.(farmacevita);FARMACEVITA;oct-27;1085;;0;277
;7800007810410;100260918G04;FAR;ZILFIC 50MG X2 COMP;MINTLAB;ene-28;552;;0;43
;7804900000763;150A01;FAR;ZINCOVIT 5 MG - ML SOL ORAL GOTAS X 30 ML;ITF FARMA;feb-29;8000;;0;8
;7805633012818;814;FAR;ZOPICLONA 7,5 MG X 30 COM. REC.(ASCEND);ASCEND;dic-25;708;;0;1008
;310742006230;PERF350;PER;ASEPXIA BICARBONATO JABON BARRA 100 G.;GENOMMA;oct-26;3399;;0;6
;7800030075008;PERF353;PER;ASEPXIA CARBON TOALLITAS LIMPIEZA FACIAL X 25 UNID.ASEPXIA CARBON TOALLITAS LIMPIEZA FACIAL X 25 UNID.ASEPXIA CARBON TOALLITAS LIMPIEZA FACIAL X 25 UNID.ASEPXIA CARBON TOALLITAS LIMPIEZA FACIAL X 25 UNID.ASEPXIA CARBON TOALLITAS LIMPIEZA FACIAL X 25 UNID.;GENOMMA;jul-26;3256;;0;2
;8903831007588;PERF354;PER;ASEPXIA EXFOLIANTE JABON EN BARRA 100 G (LATAM);GENOMMA;jul-27;3299;;0;5
;4005800137679;PERF012;PER;CARISTOP COMPUESTO 0,0250 G % PASTA DENTAL X 100 G;MAVER;nov-27;3699;;0;1
;7803510002914;PERF091;PER;ETIENNE SET RETINOL SERUM + CREMA;DAVIS;nov-27;8499;;0;2
;7800038041371;PERF121;PER;ISDIN PROTECTOR LABIAL 4G. SPF30 PROTECCION ALTA;ISDIN;oct-26;4980;;0;5
;7800063330648;PERF122;PER;ISDIN PROTECTOR LABIAL 4G. SPF50+ PROTECCION MUY ALTA;ISDIN;abr-27;4980;;0;5
;7800007114525;PERF880;PER;NIVEA CREMA MULTIPROPOSITO 30ML.(lata);BEIERSDORF;mar-27;1570;;0;2
;7804620834914;PERF883;PER;NIVEA CREMA MULTIPROPOSITO 60ML;BEIERSDORF;ago-26;1867;;0;2
;4005900528230;PERF778;PER;NIVEA MEN CREMA 75 ML (LATA);BEIERSDORF;sept-27;3546;;0;1
;7800018129235;PERFD01;PER;PASTA DENTAL SENSODYNE REPARA & PROTEGE;GSK PERFUMERIA;feb-26;4200;;0;7
;7800018188317;4000DMF;PER;PHB CEPILLO SUPER 7 SUAVE PACK DUO X 2 UNID.;DENTAID;ene-30;4980;;0;3
;7800068010415;1005DMF;PER;PHB PETIT CEPILLO DENTAL X 1 UNID.;DENTAID;ene-30;2100;;0;4
;7804650880066;PERF051;PER;REVITALIF AC. HIALURONICO CONTORNO OJOS 15 ML;LOREAL;sept-27;8990;;0;2
;7800044000256;419903400DMF;PER;SEDA DENTAL 2X1 FAMILY SET;FAMILY SET;abr-28;1153;;0;59
;7800060418073;PERF703;PER;VITAPOVIN POMO X20G;MAVER;dic-26;1520;;0;20
;7800063112022;PERF107;PER;VITIS CEPILLO DENTAL VITIS PACK MEDIO + BLANQ X 15ML;DENTAID;ago-27;3228;;0;2
;#N/D;#N/D;PERF;ILICIT NVO 8/1 RU.CLA.CE;COSMETICA NACIONAL;mar-28;1625;;0;#N/D
;#N/D;#N/D;PERF;ILICIT NVO. 1/0 NEGRO;COSMETICA NACIONAL;nov-27;1625;;0;#N/D
;#N/D;#N/D;PERF;ILICIT NVO. 3/0 CAS.OSCU;COSMETICA NACIONAL;dic-28;1625;;0;#N/D
;#N/D;#N/D;PERF;ILICIT NVO. 5/0 CAS.CLARO;COSMETICA NACIONAL;dic-27;1625;;0;#N/D
;#N/D;#N/D;PERF;ILICIT NVO. 5/20 CIRUELA;COSMETICA NACIONAL;dic-28;1625;;0;#N/D
;#N/D;#N/D;PERF;ILICIT NVO. 6/1 RUB.OS.CE;COSMETICA NACIONAL;nov-27;1625;;0;#N/D
;#N/D;#N/D;PERF;ILICIT NVO. 6/35 AVELLANA;COSMETICA NACIONAL;nov-27;1625;;0;#N/D
;#N/D;#N/D;PERF;ILICIT NVO. 6/66 GUINDA;COSMETICA NACIONAL;nov-27;1625;;0;#N/D
;#N/D;#N/D;PERF;ILICIT NVO. 66/46 ROJ.GRA;COSMETICA NACIONAL;dic-27;1625;;0;#N/D
;#N/D;#N/D;PERF;ILICIT NVO. 7/0 RUB.MEDI;COSMETICA NACIONAL;dic-27;1625;;0;#N/D
;#N/D;#N/D;PERF;ILICIT NVO. 7/1 RUB.ME.CE;COSMETICA NACIONAL;feb-28;1625;;0;#N/D
;#N/D;#N/D;PERF;ILICIT NVO. 7/11 RU.CE.PR;COSMETICA NACIONAL;dic-27;1625;;0;#N/D
;#N/D;#N/D;PERF;ILICIT NVO. 7/3 RUB.DORA.;COSMETICA NACIONAL;dic-27;1625;;0;#N/D
;#N/D;#N/D;PERF;ILICIT NVO. 7/35 MIEL;COSMETICA NACIONAL;mar-28;1625;;0;#N/D
;#N/D;#N/D;PERF;ILICIT NVO. 7/46 CEREZA;COSMETICA NACIONAL;dic-28;1625;;0;#N/D
;#N/D;#N/D;PERF;ILICIT NVO. 77/44 RO.MAND;COSMETICA NACIONAL;nov-27;1625;;0;#N/D
;#N/D;#N/D;PERF;ILICIT NVO. 8/0 RUB.CLARO;COSMETICA NACIONAL;oct-27;1625;;0;#N/D
;#N/D;#N/D;PERF;ILICIT NVO. 9/0 RU.EX.CLA;COSMETICA NACIONAL;ene-28;1625;;0;#N/D
;#N/D;#N/D;PERF;ILICIT NVO.4/0 CAS.MEDIO;COSMETICA NACIONAL;nov-27;1625;;0;#N/D
;#N/D;#N/D;PERF;ILICIT TINTU. 4/45 CAOBA;COSMETICA NACIONAL;ene-28;1625;;0;#N/D
;#N/D;#N/D;PERF;ILICIT TINTU.8/31 ALM.47G;COSMETICA NACIONAL;ene-28;1625;;0;#N/D
;7800063330648;051SUP;SUP;B-COMPLEX SABOR NARANJA GERMAN ENERGY 20 TAB. EFERVESCENTES;BIOPLUS;ene-28;2033;;0;5
;7805163000095;SUP800;SUP;BION BB GOTAS 8 G. (BIFIDOBACTERIUM BB-12);PROCTER OTC;jun-26;13790;;0;1
;7800063116600;268;SUP;EYKOSACOL CAP X 30;KNOP FITOTERAPEUTICOS;mar-26;4699;;0;2
;7800063330648;107SUP;SUP;KOLLPLUS COLAGENO+VITAMINA C GERMAN ENERGY X 20 TABLETAS EFERVESCENTE;BIOPLUS;ene-28;3216;;0;5
;7800063310862;SUP072;SUP;MULTIVITAMINAS + BIOTINA SABOR NARANJA GERMAN ENERGY 20 TABLETAS EFERVESCENTES;SWISS ENERGY;ago-27;1903;;0;5
;7803501004057;891;SUP;POTENCIATOR 5 G. SOLUCION ORAL 20 AMPOLLAS BEBIBLES-10 ML ;FAES FARMA CHILE;ago-27;15999;;0;4
;7805750110435;VET20;VET;V-BRAVECTO PERRO 1.000MG 20-40 KG X1 COMP MAST;INTERVET GMBH.;mar-26;24000;;0;4
;7793640992677;VET21;VET;V-BRAVECTO PERRO 1.400MG 40-56 KG X 1 COMP MAST;DISTRIVET LIMITADA;sept-25;18000;;0;4
;7804673040294;VET8;VET;VT SIMPARICA 20 MG 5,1-10 KG X 1 COMP;VETERINARIA ZOETIS;sept-26;4999;;0;11
;7800038041210;VET10;VET;VT VERMIQUANTREL 50 MG X 1 COMP;VETERINARIA DRAG PHARMA;mar-27;1910;;0;7
;#N/D;VET7;VET;VT-SIMPARICA 10 MG 2,5 - 5 KG X 1 COMP;VETERINARIA ZOETIS;feb-27;4799;;0;57
;#N/D;815;FAR;ACEITE DE COCO X 420 ML (green med);GREEN MEDICAL;mar-27;5299;;0;2
;7800006000249;100AA06;FAR;ACEITE DE RICINO FRUTILLA X 20 ML;VALMA;dic-26;1231,2;;0;1
;7800006000331;100AR01;FAR;ALENYS 27,5 MCG SUSP. NEBULIZAC. NASAL 120 D.;ETEX;jul-26;10990;;0;1
;7804650311133;892;FAR;ALOE FEROX 150 MG 20 CAPSULAS;GARDEN HOUSE;nov-26;1650;;0;1
;7804673040140;23;FAR;CLORFENAMINA 4MGX20 COMP BE.(lch);CHILE;oct-28;170;;0;301
;7803504000254;200D01;FAR;CLOTRIMAZOL-BETAMETASONA CR 15GR;MDC HEALTH SPA.;sept-26;350;;0;62
;7804673040362;100000418A03;FAR;DOLOSPAM 15 COMP;CHILE;abr-07;1599;;0;9
;7804671180176;1000A06;FAR;DULCOLAX 7,5 MG - ML SOL. ORAL GTS. X 15 ML;SANOFI AVENTIS DE CHILE S.A.;ene-26;3744;;0;1
;7800063110547;890;FAR;ELCAL FLEX 500MG POLVO CJ X 30 SACHET ;ANDROMACO;ene-27;8500;;0;3
;7800046004849;100267629A02;FAR;ENO REGULAR;GSK  OTC;jul-26;4139;;0;60
;9300000000910;10GE16318H03;FAR;EUTIROX 25 MCG X 50 COMP;MERCK;dic-26;6999;;0;1
;7730963250893;12;FAR;FAMOTIDINA 40MGX10 COMP.(lch);CHILE;feb-27;298;;0;150
;650240035401;110AR02;FAR;KALMAFTA GEL x 20G (ANDROMACO);ANDROMACO;sept-26;2789;;0;4
;7795373024458;102AM01;FAR;KETOROLACO 10MGX10 COMP.(LAB CHILE);CHILE;ene-26;391,2;;0;100
;650240036965;859;FAR;LEVETIRACETAM 1000 MG X 30 COMP.REC.(SEVENPHARMA);GENERICOS VARIOS;mar-27;5028;;0;1
;4104480705199;1000N03;FAR;LEVETIRACETAM 500 MG X 30 COMP. REC.;GENERICOS VARIOS;sept-27;3986,4;;0;2
;7800063110493;1003A10;FAR;METFORMINA 750 MG X 30 COMP LIB PRO.(sevenpharma);SEVEN PHARMA;feb-26;1692;;0;2
;8429420268296;170AA04;FAR;ORALNE 10 MG X 30 CAPS BLANDAS;DEUTSCHE PHARMA;dic-27;14508;;0;1
;4005800137655;1200A11;FAR;T.R.O 60 MEQ X 30 SOBRES;VALMA;ene-27;5300;;0;1
;7800028001873;7804923031560T;PER;ILICIT TINTU.10-0 RU.A47G;COSMETICA NACIONAL;dic-27;1634,4;;0;4
;7794640170133;841;PER;VITIS CERA ORTHODONTIC 5 BARRAS X 2 UNID;DENTAID;jun-29;3799;;0;1
